Workbook

Sheet DATA_INFO
A1: Start Data | B1: End Data
A2: 1 | B2: 1

Sheet Datatable
A1: NO | B1: ACTION | C1: SCRIPT_ALIAS | D1: DATA | E1: SCENARIO | F1: USER ID READER | G1: PASSWORD READER | H1: USER ID EDITOR | I1: PASSWORD EDITOR | J1: USER ID SUPER EDITOR A | K1: PASSWORD SUPER EDITOR A | L1: USER ID SUPER EDITOR B | M1: PASSWORD SUPER EDITOR B | N1: USER ID PUBLISHER A | O1: PASSWORD PUBLISHER A | P1: USER ID PUBLISHER B | Q1: PASSWORD PUBLISHER B | R1: URL PAKAR | S1: TEST_GROUP | T1: STATUS | U1: KETERANGAN | W1: SUMMARY'S STAT | X1: SUMMARY'S PROGRESS(%) | Y1: TOTAL SCRIPT
A2: 1 | B2: Tambah Approve Super Editor | D2: Data A | E2: Tambah Approved Artikel ke Super Editor | F2: u064959 | G2: erickoo085 | H2: u080794 | I2: marciasdivinasto123 | J2: u065951 | K2: feb022025 | L2: u068843 | M2: lovemonth25 | N2: U541785 | O2: 21029842 | P2: U543390 | Q2: Farina2003 | R2: https://pilot-pakar.intra.bca.co.id/ | S2: AUTOMATIONTEST | T2: PASSED | W2: PASSED | X2: 100% | Y2: 1
A3: 2 | B3: Tambah Reject Super Editor | D3: Data B | E3: Tambah Reject Artikel ke Super Editor | F3: u064959 | G3: erickoo085 | H3: u080794 | I3: marciasdivinasto123 | J3: u065951 | K3: feb022025 | L3: u068843 | M3: lovemonth25 | N3: U541785 | O3: 21029842 | P3: U543390 | Q3: Farina2003 | R3: https://pilot-pakar.intra.bca.co.id/ | S3: AUTOMATIONTEST | W3: FAILED | X3: 0% | Y3: 0
A4: 3 | B4: Tambah Approve Super Editor | D4: Data C | E4: Tambah Approved VP ke Super Editor | F4: u064959 | G4: erickoo085 | H4: u080794 | I4: marciasdivinasto123 | J4: u065951 | K4: feb022025 | L4: u068843 | M4: lovemonth25 | N4: U541785 | O4: 21029842 | P4: U543390 | Q4: Farina2003 | R4: https://pilot-pakar.intra.bca.co.id/ | S4: AUTOMATIONTEST
A5: 4 | B5: Tambah Reject Super Editor | D5: Data D | E5: Tambah Reject VP ke Super Editor | F5: u064959 | G5: erickoo085 | H5: u080794 | I5: marciasdivinasto123 | J5: u065951 | K5: feb022025 | L5: u068843 | M5: lovemonth25 | N5: U541785 | O5: 21029842 | P5: U543390 | Q5: Farina2003 | R5: https://pilot-pakar.intra.bca.co.id/ | S5: AUTOMATIONTEST
A6: 5 | B6: Tambah Ubah Approve Super Editor | D6: Data E | E6: Tambah Ubah Approve Artikel ke Super Editor | F6: u064959 | G6: erickoo085 | H6: u080794 | I6: marciasdivinasto123 | J6: u065951 | K6: feb022025 | L6: u068843 | M6: lovemonth25 | N6: U541785 | O6: 21029842 | P6: U543390 | Q6: Farina2003 | R6: https://pilot-pakar.intra.bca.co.id/ | S6: AUTOMATIONTEST
A7: 6 | B7: Tambah Ubah Reject Super Editor | D7: Data F | E7: Tambah Ubah Reject Artikel ke Super Editor | F7: u064959 | G7: erickoo085 | H7: u080794 | I7: marciasdivinasto123 | J7: u065951 | K7: feb022025 | L7: u068843 | M7: lovemonth25 | N7: U541785 | O7: 21029842 | P7: U543390 | Q7: Farina2003 | R7: https://pilot-pakar.intra.bca.co.id/ | S7: AUTOMATIONTEST
A8: 7 | B8: Tambah Ubah Approve Super Editor | D8: Data G | E8: Tambah Ubah Approve VP ke Super Editor | F8: u064959 | G8: erickoo085 | H8: u080794 | I8: marciasdivinasto123 | J8: u065951 | K8: feb022025 | L8: u068843 | M8: lovemonth25 | N8: U541785 | O8: 21029842 | P8: U543390 | Q8: Farina2003 | R8: https://pilot-pakar.intra.bca.co.id/ | S8: AUTOMATIONTEST
A9: 8 | B9: Tambah Ubah Reject Super Editor | D9: Data H | E9: Tambah Ubah Reject VP ke Super Editor | F9: u064959 | G9: erickoo085 | H9: u080794 | I9: marciasdivinasto123 | J9: u065951 | K9: feb022025 | L9: u068843 | M9: lovemonth25 | N9: U541785 | O9: 21029842 | P9: U543390 | Q9: Farina2003 | R9: https://pilot-pakar.intra.bca.co.id/ | S9: AUTOMATIONTEST
A10: 9 | B10: Tambah Approve Publisher | D10: Data I | E10: Tambah Approved Artikel ke Publisher | F10: u064959 | G10: erickoo085 | H10: u080794 | I10: marciasdivinasto123 | J10: u065951 | K10: feb022025 | L10: u068843 | M10: lovemonth25 | N10: U541785 | O10: 21029842 | P10: U543390 | Q10: Farina2003 | R10: https://pilot-pakar.intra.bca.co.id/ | S10: AUTOMATIONTEST
A11: 10 | B11: Tambah Reject Publisher | D11: Data J | E11: Tambah Reject Artikel ke Publisher | F11: u064959 | G11: erickoo085 | H11: u080794 | I11: marciasdivinasto123 | J11: u065951 | K11: feb022025 | L11: u068843 | M11: lovemonth25 | N11: U541785 | O11: 21029842 | P11: U543390 | Q11: Farina2003 | R11: https://pilot-pakar.intra.bca.co.id/ | S11: AUTOMATIONTEST
A12: 11 | B12: Tambah Approve Publisher | D12: Data K | E12: Tambah Approved VP ke Publisher | F12: u064959 | G12: erickoo085 | H12: u080794 | I12: marciasdivinasto123 | J12: u065951 | K12: feb022025 | L12: u068843 | M12: lovemonth25 | N12: U541785 | O12: 21029842 | P12: U543390 | Q12: Farina2003 | R12: https://pilot-pakar.intra.bca.co.id/ | S12: AUTOMATIONTEST
A13: 12 | B13: Tambah Reject Publisher | D13: Data L | E13: Tambah Reject VP ke Publisher | F13: u064959 | G13: erickoo085 | H13: u080794 | I13: marciasdivinasto123 | J13: u065951 | K13: feb022025 | L13: u068843 | M13: lovemonth25 | N13: U541785 | O13: 21029842 | P13: U543390 | Q13: Farina2003 | R13: https://pilot-pakar.intra.bca.co.id/ | S13: AUTOMATIONTEST
A14: 13 | B14: Tambah Ubah Approve Publisher | D14: Data M | E14: Tambah Ubah Approve Artikel ke Publisher | F14: u064959 | G14: erickoo085 | H14: u080794 | I14: marciasdivinasto123 | J14: u065951 | K14: feb022025 | L14: u068843 | M14: lovemonth25 | N14: U541785 | O14: 21029842 | P14: U543390 | Q14: Farina2003 | R14: https://pilot-pakar.intra.bca.co.id/ | S14: AUTOMATIONTEST
A15: 14 | B15: Tambah Ubah Reject Publisher | D15: Data N | E15: Tambah Ubah Reject Artikel ke Publisher | F15: u064959 | G15: erickoo085 | H15: u080794 | I15: marciasdivinasto123 | J15: u065951 | K15: feb022025 | L15: u068843 | M15: lovemonth25 | N15: U541785 | O15: 21029842 | P15: U543390 | Q15: Farina2003 | R15: https://pilot-pakar.intra.bca.co.id/ | S15: AUTOMATIONTEST
... A48: 47 | B48: Simpan dan Kirim Riwayat Versi | D48: Data A | E48: Simpan dan Kirim Riwayat Versi | F48: u064959 | G48: erickoo085 | H48: u080794 | I48: marciasdivinasto123 | J48: u065951 | K48: feb022025 | L48: u068843 | M48: lovemonth25 | N48: U541785 | O48: 21029842 | P48: U543390 | Q48: Farina2003 | R48: https://pilot-pakar.intra.bca.co.id/ | S48: AUTOMATIONTEST
A49: 48 | B49: Riwayat Versi Approved Super Ed | E49: Akses Riwayat Versi Approved Super Editor | F49: u064959 | G49: erickoo085 | H49: u080794 | I49: marciasdivinasto123 | J49: u065951 | K49: feb022025 | L49: u068843 | M49: lovemonth25 | N49: U541785 | O49: 21029842 | P49: U543390 | Q49: Farina2003 | R49: https://pilot-pakar.intra.bca.co.id/ | S49: AUTOMATIONTEST
A50: 49 | B50: Riwayat Versi Approved Publishe | E50: Akses Riwayat Versi Approved Publisher | F50: u064959 | G50: erickoo085 | H50: u080794 | I50: marciasdivinasto123 | J50: u065951 | K50: feb022025 | L50: u068843 | M50: lovemonth25 | N50: U541785 | O50: 21029842 | P50: U543390 | Q50: Farina2003 | R50: https://pilot-pakar.intra.bca.co.id/ | S50: AUTOMATIONTEST
A51: 50 | B51: Riwayat Versi Editor Approved P | E51: Akses Riwayat Versi Editor Approved Publisher | F51: u064959 | G51: erickoo085 | H51: u080794 | I51: marciasdivinasto123 | J51: u065951 | K51: feb022025 | L51: u068843 | M51: lovemonth25 | N51: U541785 | O51: 21029842 | P51: U543390 | Q51: Farina2003 | R51: https://pilot-pakar.intra.bca.co.id/ | S51: AUTOMATIONTEST
A52: 51 | B52: Hapus Approved | D52: Data A | E52: Hapus Approved Artikel/VP | F52: u064959 | G52: erickoo085 | H52: u080794 | I52: marciasdivinasto123 | J52: u065951 | K52: feb022025 | L52: u068843 | M52: lovemonth25 | N52: U541785 | O52: 21029842 | P52: U543390 | Q52: Farina2003 | R52: https://pilot-pakar.intra.bca.co.id/ | S52: AUTOMATIONTEST
A53: 52 | B53: Hapus Reject | D53: Data B | E53: Hapus Reject Artikel/VP | F53: u064959 | G53: erickoo085 | H53: u080794 | I53: marciasdivinasto123 | J53: u065951 | K53: feb022025 | L53: u068843 | M53: lovemonth25 | N53: U541785 | O53: 21029842 | P53: U543390 | Q53: Farina2003 | R53: https://pilot-pakar.intra.bca.co.id/ | S53: AUTOMATIONTEST
A54: 53 | B54: Tambah Kategori Menu | D54: Data D | E54: Tambah Kategori Menu | F54: u064959 | G54: erickoo085 | H54: u080794 | I54: marciasdivinasto123 | J54: u065951 | K54: feb022025 | L54: u068843 | M54: lovemonth25 | N54: U541785 | O54: 21029842 | P54: U543390 | Q54: Farina2003 | R54: https://pilot-pakar.intra.bca.co.id/ | S54: AUTOMATIONTEST
A55: 54 | B55: Ubah Kategori Menu | D55: Data D | E55: Ubah Kategori Menu | F55: u064959 | G55: erickoo085 | H55: u080794 | I55: marciasdivinasto123 | J55: u065951 | K55: feb022025 | L55: u068843 | M55: lovemonth25 | N55: U541785 | O55: 21029842 | P55: U543390 | Q55: Farina2003 | R55: https://pilot-pakar.intra.bca.co.id/ | S55: AUTOMATIONTEST
A56: 55 | B56: Hapus Kategori Menu | D56: Data D | E56: Hapus Kategori Menu | F56: u064959 | G56: erickoo085 | H56: u080794 | I56: marciasdivinasto123 | J56: u065951 | K56: feb022025 | L56: u068843 | M56: lovemonth25 | N56: U541785 | O56: 21029842 | P56: U543390 | Q56: Farina2003 | R56: https://pilot-pakar.intra.bca.co.id/ | S56: AUTOMATIONTEST
A57: 56 | B57: Assign Divisi | D57: Data D | E57: Assign Divisi | F57: u064959 | G57: erickoo085 | H57: u080794 | I57: marciasdivinasto123 | J57: u065951 | K57: feb022025 | L57: u068843 | M57: lovemonth25 | N57: U541785 | O57: 21029842 | P57: U543390 | Q57: Farina2003 | R57: https://pilot-pakar.intra.bca.co.id/ | S57: AUTOMATIONTEST

Sheet REPORT
A1: REPORT AUTOMATION
A4: NO | B4: DATATABLE NAME | C4: ACTION | D4: SCENARIO | E4: TEST_GROUP | F4: STATUS | G4: DESCRIPTION | H4: DURATION | J4: SUMMARY'S STAT | K4: SUMMARY'S PROGRESS(%) | L4: TOTAL SCRIPT | M4: TOTAL DURATION
A5: 1 | B5: DT FULL_REGRESI_PAKAR 1 | C5: Tambah Approve Super Editor | D5: Tambah Approved Artikel ke Super Editor | E5: AUTOMATIONTEST | F5: PASSED | H5: 00:04:44.914 | J5: PASSED | K5: 100% | L5: 1 | M5: 00:01:44.914
J6: FAILED | K6: 0% | L6: 0

Sheet Otomasi Pakar
A1: Testcase | B1: Is_Running | C1: Keyword | D1: Pagename | E1: ObjectName | F1: ObjectType | G1: Value | H1: Application
A2: ALL FITURE | B2: Yes | H2: PAKAR
C3: save_action | E3: [SAVE_ACTION_1] | G3: Login
C4: save_action | E4: [SAVE_ACTION_2] | G4: =Datatable!#REF! -> #REF!
C5: save_action | E5: [SAVE_ACTION_3] | G5: =Datatable!#REF! -> #REF!
C6: save_action | E6: [SAVE_ACTION_4] | G6: =Datatable!#REF! -> #REF!
C7: save_action | E7: [SAVE_ACTION_5] | G7: =Datatable!#REF! -> #REF!
C8: save_action | E8: [SAVE_ACTION_6] | G8: =Datatable!#REF! -> #REF!
C9: save_action | E9: [SAVE_ACTION_7] | G9: =Datatable!#REF! -> #REF!
C10: save_action | E10: [SAVE_ACTION_8] | G10: Logout
C11: read_script | G11: [SAVE_ACTION_#]

Sheet Data Script
A1: NO | B1: FEATURE
A2: 1 | B2: Login Editor
A3: 1 | B3: Tambah Artikel
A4: 1 | B4: Deskripsi Singkat
A5: 1 | B5: Tambah Gambar
A6: 1 | B6: Video Artikel
A7: 1 | B7: Tambah Ubah Topik
A8: 1 | B8: SK SE Referensi
A9: 1 | B9: Informasi Terkait
A10: 1 | B10: Simpan
A11: 1 | B11: Logout
A12: 2 | B12: Login Editor
A13: 2 | B13: Akses Artikel My Pages Draft
... A52: 7 | B52: Logout

Sheet Source
A1: Login Reader | B1: AutoSave | C1: Akses Artikel My Pages | D1: Akses Edit Halaman Artikel VP | E1: Tambah Artikel VP | F1: Copy Link Bookmark | H1: Akses Search Glossary | I1: Page Notifikasi - Closed | K1: Reader: | L1: Super Editor: | M1: Editor: | N1: Publisher: | O1: Pass Supereditor: | P1: Pass Publisher | S1: Tambah Artikel
A2: Login Editor | B2: Simpan | C2: Akses Artikel Contens | D2: Akses Edit Pop Up Notifikasi | E2: Edit Artikel VP | F2: Copy Link Bookmark Checkbox | H2: Akses Glossary Abjad | I2: Pop Up Notifikasi - Closed | K2: u076929 | L2: u066099 | M2: u060242 | N2: u541785 | O2: password | P2: password | S2: Tambah Judul
A3: Login Super Editor | B3: Simpan dan Kirim | C3: Akses Edit Page Notifikasi | D3: Batal Kirim Artikel | E3: Hapus Bookmark | H3: Ajukan Glossary | I3: Page Notifikasi - Waiting for User | K3: u064959 | L3: u053296 | M3: u059613 | N3: u067020 | O3: feb022025 | P3: 21029842 | S3: Deskripsi Singkat
A4: Login Publisher | B4: Batal Simpan | C4: Akses Edit My Pages Draft | D4: Batal Ubah Versi Artikel | E4: Hapus Bookmark Checkbox | H4: Akses Tab Glossary Main Search | I4: Pop Up Notifikasi - Waiting for User | L4: u065951 | M4: U555742 | N4: U541785 | O4: lovemonth25 | P4: Farina2003 | S4: Tambah Gambar
B5: Batal Simpan dan Kirim | C5: Akses Artikel Judul Feedback | D5: Akses Edit My Pages | E5: Pengecekan Tombol | L5: u068843 | N5: U543390 | S5: Video Artikel
B6: Preview | C6: Akses Artikel Isi Feedback | D6: Akses Edit Contens Artikel | E6: Reject My Pages | S6: Tambah Ubah Topik
B7: Kembali ke Halaman Editor | C7: Akses Artikel Page Notifikasi | D7: Akses Edit Contens Virtual Page | E7: Reject Page Notifikasi | S7: SK SE Referensi
B8: Riwayat Versi | C8: Akses Artikel Hyperlink Isi Art | D8: Akses Video Artikel | E8: Approve My Pages | S8: Informasi Terkait
B9: Keluar | C9: Akses Artikel Main Search | D9: Akses SKSE | E9: Approve Page Notifikasi | S9: Suggestion
B10: Batal Keluar | C10: Akses Artikel Burger Menu | E10: Sisipkan VP
C11: Akses Artikel Terbaru | E11: Akses Riwayat Versi
C12: Akses Artikel Rekomendasi | E12: Akses Riwayat Versi Reader
C13: Akses Artikel Page FAQ | E13: Unsisip VP
C14: Akses Artikel Isi FAQ | E14: Hapus Deskripsi
C15: Akses Artikel Bookmark PAKAR | E15: Hapus Artikel My Pages Draft
C16: Akses Artikel Link Glossary | E16: Hapus Artikel My Pages Approve
C17: Akses Artikel Informasi Terkait | E17: Hapus Artikel Contents Semua
C18: Akses Artikel Digunakan Oleh | E18: Hapus Artikel Contents Artikel
C19: Akses Video Artikel | E19: Hapus Artikel Contents VP
C20: Akses SKSE | E20: Tambah Hapus Bookmark Artikel
E21: Tambah Hapus Bookmark Akordion
E22: Copy Link Bookmark
E23: Hapus Single Bookmark
E24: Hapus Multiple Bookmark
E25: Akses Search Glossary
E26: Akses Glossary Abjad
E27: Akses Tab Glossary Main Search
E28: Ajukan Glossary
E29: Create Feedback
E30: Check Feedback Populer
E31: Feedback Sudah Baik
E32: Akses Dashboard Feedback
... E51: Checklist Kategori

Sheet Data Akses Artikel
A1: NO | B1: KATEGORI | C1: SUBKATEGORI | D1: MY PAGES (draft/pending/approved) | E1: CONTENTS (Semua/Artikel/Virtual Page) | F1: JUDUL_FAQ | G1: JUDUL_GLOSSARY | H1: INFORMASI_TERKAIT | I1: DIGUNAKAN_OLEH | J1: NAMA ARTIKEL (Didalam Folder pisahkan ;) | K1: TANGGAL | L1: USERNAME SKSE | M1: PASSWORD SKSE | N1: SK/SE
A2: 5 | D2: draft | J2: Tambah Ubah Approved Super Editor Artikel E | L2: u064959 | M2: erickoo085 | N2: 063/SE/POL/2018
A3: 6 | D3: draft | J3: Tambah Ubah Reject Super Editor Artikel F | L3: u064959 | M3: erickoo085 | N3: 063/SE/POL/2018
A4: 7 | D4: draft | J4: Tambah Ubah Approved Super Editor VP G | L4: u064959 | M4: erickoo085 | N4: 063/SE/POL/2018
A5: 8 | D5: draft | J5: Tambah Ubah Reject Super Editor VP H | L5: u064959 | M5: erickoo085 | N5: 063/SE/POL/2018
A6: 13 | D6: draft | J6: Tambah Ubah Approved Publisher Artikel M | L6: u064959 | M6: erickoo085 | N6: 063/SE/POL/2018
A7: 14 | D7: draft | J7: Tambah Ubah Reject Publisher Artikel N | L7: u064959 | M7: erickoo085 | N7: 063/SE/POL/2018
A8: 15 | D8: draft | J8: Tambah Ubah Approved Publisher VP O | L8: u064959 | M8: erickoo085 | N8: 063/SE/POL/2018
A9: 16 | D9: draft | J9: Tambah Ubah Reject Publisher VP P | L9: u064959 | M9: erickoo085 | N9: 063/SE/POL/2018
A10: 17 | J10: Tambah Approved Super Editor Artikel A
A11: 18 | J11: Tambah Reject Super Editor Artikel B
A12: 19 | J12: Tambah Approved Super Editor VP C
A13: 20 | J13: Tambah Reject Super Editor VP D
A14: 21 | J14: Ubah Tambah Ubah Approved Super Editor Artikel E
A15: 22 | J15: Ubah Tambah Ubah Reject Super Editor Artikel F
A16: 23 | J16: Ubah Tambah Ubah Approved Super Editor VP G
A17: 24 | J17: Ubah Tambah Ubah Reject Super Editor VP H
A18: 25
A19: 26
J22: Ubah Tambah Ubah Approved Publisher Artikel M
J23: Ubah Tambah Ubah Reject Publisher Artikel N
J24: Ubah Tambah Ubah Approved Publisher VP O
J25: Ubah Tambah Ubah Reject Publisher VP P
A36: 27 | J36: Pembukaan Rekening | K36: 22 Oktober 2024
A37: 28 | J37: artikel 22 | K37: 02 Agustus 2024
A38: 29 | J38: Vindi (Financial Diary) | K38: 13 Oktober 2022
A39: 30 | B39: Produk Untuk Nasabah | C39: Produk Digital | J39: Video Banking
A40: 31 | B40: Aktivitas Cabang | C40: Personel Operasional Cabang | J40: Admin Kredit;Admin Kredit
A41: 32 | J41: EDC
J42: VP - Kombinasi Tabel Edit
D43: draft | J43: Coba tambah artikel Lagi | K43: 09/12/2024 09:06 AM
D44: pending | J44: test tambah artikel | K44: 30/10/2024 09:48 AM
D45: approved | J45: artikel 5
E46: Semua | J46: BCA Dollar ubah | K46: 20/08/2024
E47: Artikel | J47: Artikel Coba Reksa dana
E48: Virtual Page | J48: Keputusan Pengajuan Naik Limit Kartu Kredit melalu

Sheet Data Akses Edit Artikel
A1: NO | B1: NAMA ARTIKEL (Didalam Folder pisahkan ;) | C1: MY PAGES (draft/pending/approved) | D1: PILIH | E1: TANGGAL
A2: 1 | B2: Artikel khusus sisip dan unsisip vp
A3: 2 | B3: Tes Export PDF
A4: 3 | B4: Tes Export PDF
A5: 8 | B5: EDC
A6: 9 | B6: EDC
A7: 7 | B7: Coba tambah artikel Publisher 1 ubah | E7: 29/08/2024
A8: 15 | B8: Coba tambah artikel Publisher 3 | E8: 29/08/2024
A9: 16 | B9: Coba tambah artikel Admin 1 | E9: 29/08/2024
A10: 27 | B10: Coba tambah artikel Admin | E10: 26/09/2024
A11: 25 | B11: Artikel khusus sisip dan unsisip vp
C27: draft
C28: pending
C29: approved

Sheet Data Tambah Artikel VP
A1: NO | B1: PILIH (Artikel/Virtual Page) | C1: NAMA ARTIKEL VP | D1: BENTUK VIRTUAL PAGE | E1: LOKASI ARTIKEL VP | F1: REKOMENDASI TEMPLATE
A2: 1 | B2: Artikel | C2: Tambah Approved Super Editor Artikel A | E2: Aktivitas Cabang;Pengelolaan Nasabah | F2: Basic
A3: 2 | B3: Artikel | C3: Tambah Reject Super Editor Artikel B | E3: Aktivitas Cabang;Pengelolaan Nasabah | F3: Basic
A4: 3 | B4: Virtual Page | C4: Tambah Approved Super Editor VP C | D4: Atribut Page | E4: Virtual Page;Atribut;Atribut Produk Digital | F4: Basic
A5: 4 | B5: Virtual Page | C5: Tambah Reject Super Editor VP D | D5: Micro Information | E5: Virtual Page;Atribut;Atribut Produk Digital
A6: 5 | B6: Artikel | C6: Tambah Ubah Approved Super Editor Artikel E | E6: Aktivitas Cabang;Pengelolaan Nasabah | F6: Basic
A7: 6 | B7: Artikel | C7: Tambah Ubah Reject Super Editor Artikel F | E7: Aktivitas Cabang;Pengelolaan Nasabah | F7: Basic
A8: 7 | B8: Virtual Page | C8: Tambah Ubah Approved Super Editor VP G | D8: Atribut Page | E8: Virtual Page;Atribut;Atribut Produk Digital | F8: Basic
A9: 8 | B9: Virtual Page | C9: Tambah Ubah Reject Super Editor VP H | D9: Micro Information | E9: Virtual Page;Atribut;Atribut Produk Digital
A10: 9 | B10: Artikel | C10: Tambah Approved Publisher Artikel I | E10: Aktivitas Cabang;Pengelolaan Nasabah | F10: Basic
A11: 10 | B11: Artikel | C11: Tambah Reject Publisher Artikel J | E11: Aktivitas Cabang;Pengelolaan Nasabah | F11: Basic
A12: 11 | B12: Virtual Page | C12: Tambah Approved Publisher VP K | D12: Atribut Page | E12: Virtual Page;Atribut;Atribut Produk Digital | F12: Basic
A13: 12 | B13: Virtual Page | C13: Tambah Reject Publisher VP L | D13: Micro Information | E13: Virtual Page;Atribut;Atribut Produk Digital
A14: 13 | B14: Artikel | C14: Tambah Ubah Approved Publisher Artikel M | E14: Aktivitas Cabang;Pengelolaan Nasabah | F14: Basic
A15: 14 | B15: Artikel | C15: Tambah Ubah Reject Publisher Artikel N | E15: Aktivitas Cabang;Pengelolaan Nasabah | F15: Basic
A16: 15 | B16: Virtual Page | C16: Tambah Ubah Approved Publisher VP O | D16: Atribut Page | E16: Virtual Page;Atribut;Atribut Produk Digital | F16: Basic
A17: 16 | B17: Virtual Page | C17: Tambah Ubah Reject Publisher VP P | D17: Micro Information | E17: Virtual Page;Atribut;Atribut Produk Digital

Sheet Data Tambah Isi Artikel VP
A1: NO | B1: DESKRIPSI SINGKAT | C1: PATH FILE GAMBAR | D1: URL VIDEO | E1: SK/SE REFERENSI | F1: INFORMASI TERKAIT | G1: SUGGESTION | H1: SIMPAN DAN KIRIM | I1: CATATAN SIMPAN & KIRIM | J1: Preview (Ya/Tidak) | K1: Riwayat Versi (Ya/Tidak) | L1: Pilih (AutoSave/Simpan/Simpan dan Kirim/Batal Simpan/Batal Simpan dan Kirim) | M1: Pilih II (AutoSave/Simpan/Simpan dan Kirim/Batal Simpan/Batal Simpan dan Kirim) | N1: Pilih III (AutoSave/Simpan/Simpan dan Kirim/Batal Simpan/Batal Simpan dan Kirim)
A2: 1 | B2: lorem lorem lorem | C2: \\10.5.180.227\Source\bca.jpg | D2: https://vidio.com | E2: 063/SE/POL/2018;063/SE/POL/2019 | F2: Pembukuan;Customer Relationship | H2: WENY ENJELIKA DOLOKSARIBU | I2: Artikel - Supereditor u068843 | J2: Tidak | K2: Tidak | L2: Simpan dan Kirim
A3: 2 | B3: lorem lorem lorem | C3: \\10.5.180.227\Source\bca.jpg | D3: https://vidio.com | E3: 063/SE/POL/2018;063/SE/POL/2019 | F3: Pembukuan;Customer Relationship | H3: WENY ENJELIKA DOLOKSARIBU | I3: Artikel - Supereditor u068843 | J3: Tidak | K3: Tidak | L3: Simpan dan Kirim
A4: 3 | B4: lorem lorem lorem | C4: \\10.5.180.227\Source\bca.jpg | D4: https://vidio.com | E4: 063/SE/POL/2018;063/SE/POL/2019 | F4: Pembukuan | H4: WENY ENJELIKA DOLOKSARIBU | I4: VP - Supereditor u068843 | J4: Tidak | K4: Tidak | L4: Simpan dan Kirim
A5: 4 | B5: lorem lorem lorem | E5: 063/SE/POL/2018 | H5: WENY ENJELIKA DOLOKSARIBU | I5: VP - Supereditor u068843 | J5: Tidak | K5: Tidak | L5: Simpan dan Kirim
A6: 5 | B6: lorem lorem lorem | C6: \\10.5.180.227\Source\bca.jpg | D6: https://vidio.com | E6: 063/SE/POL/2018;063/SE/POL/2019 | F6: Pembukuan;Customer Relationship | H6: WENY ENJELIKA DOLOKSARIBU | I6: Artikel - Supereditor u068843 | J6: Tidak | K6: Tidak | L6: Simpan
A7: 6 | B7: lorem lorem lorem | C7: \\10.5.180.227\Source\bca.jpg | D7: https://vidio.com | E7: 063/SE/POL/2018;063/SE/POL/2019 | F7: Pembukuan;Customer Relationship | H7: WENY ENJELIKA DOLOKSARIBU | I7: Artikel - Supereditor u068843 | J7: Tidak | K7: Tidak | L7: Simpan
A8: 7 | B8: lorem lorem lorem | C8: \\10.5.180.227\Source\bca.jpg | D8: https://vidio.com | E8: 063/SE/POL/2018;063/SE/POL/2019 | F8: Pembukuan | H8: WENY ENJELIKA DOLOKSARIBU | I8: VP - Supereditor u068843 | J8: Tidak | K8: Tidak | L8: Simpan
A9: 8 | B9: lorem lorem lorem | E9: 063/SE/POL/2018 | H9: WENY ENJELIKA DOLOKSARIBU | I9: VP - Supereditor u068843 | J9: Tidak | K9: Tidak | L9: Simpan
A10: 9 | B10: lorem lorem lorem | C10: \\10.5.180.227\Source\bca.jpg | D10: https://vidio.com | E10: 063/SE/POL/2018;063/SE/POL/2019 | F10: Pembukuan;Customer Relationship | H10: FARINA ADZANI ADHISTIRA | I10: Artikel - Supereditor U543390 | J10: Tidak | K10: Tidak | L10: Simpan dan Kirim
A11: 10 | B11: lorem lorem lorem | C11: \\10.5.180.227\Source\bca.jpg | D11: https://vidio.com | E11: 063/SE/POL/2018;063/SE/POL/2019 | F11: Pembukuan;Customer Relationship | H11: FARINA ADZANI ADHISTIRA | I11: Artikel - Supereditor U543390 | J11: Tidak | K11: Tidak | L11: Simpan dan Kirim
A12: 11 | B12: lorem lorem lorem | C12: \\10.5.180.227\Source\bca.jpg | D12: https://vidio.com | E12: 063/SE/POL/2018;063/SE/POL/2019 | F12: Pembukuan | H12: FARINA ADZANI ADHISTIRA | I12: VP - Supereditor U543390 | J12: Tidak | K12: Tidak | L12: Simpan dan Kirim
A13: 12 | B13: lorem lorem lorem | E13: 063/SE/POL/2018 | H13: FARINA ADZANI ADHISTIRA | I13: VP - Supereditor U543390 | J13: Tidak | K13: Tidak | L13: Simpan dan Kirim
A14: 13 | B14: lorem lorem lorem | C14: \\10.5.180.227\Source\bca.jpg | D14: https://vidio.com | E14: 063/SE/POL/2018;063/SE/POL/2019 | F14: Pembukuan;Customer Relationship | H14: FARINA ADZANI ADHISTIRA | I14: Artikel - Supereditor U543390 | J14: Tidak | K14: Tidak | L14: Simpan
A15: 14 | B15: lorem lorem lorem | C15: \\10.5.180.227\Source\bca.jpg | D15: https://vidio.com | E15: 063/SE/POL/2018;063/SE/POL/2019 | F15: Pembukuan;Customer Relationship | H15: FARINA ADZANI ADHISTIRA | I15: Artikel - Supereditor U543390 | J15: Tidak | K15: Tidak | L15: Simpan
A16: 15 | B16: lorem lorem lorem | C16: \\10.5.180.227\Source\bca.jpg | D16: https://vidio.com | E16: 063/SE/POL/2018;063/SE/POL/2019 | F16: Pembukuan | H16: FARINA ADZANI ADHISTIRA | I16: VP - Supereditor U543390 | J16: Tidak | K16: Tidak | L16: Simpan
A17: 16 | B17: lorem lorem lorem | E17: 063/SE/POL/2018 | H17: FARINA ADZANI ADHISTIRA | I17: VP - Supereditor U543390 | J17: Tidak | K17: Tidak | L17: Simpan

Sheet Data Edit Isi Artikel VP
A1: NO | B1: NAMA ARTIKEL/ACCORDION EDIT | C1: EDIT JUDUL ARTIKEL | D1: DESKRIPSI SINGKAT | E1: PATH FILE GAMBAR | F1: URL VIDEO | G1: SK/SE REFERENSI | H1: INFORMASI TERKAIT | I1: SUGGESTION | J1: SIMPAN DAN KIRIM | K1: CATATAN SIMPAN & KIRIM | L1: Preview (Ya/Tidak) | M1: Riwayat Versi (Ya/Tidak) | N1: Pilih (AutoSave/Simpan/Simpan dan Kirim/Batal Simpan/Batal Simpan dan Kirim) | O1: Pilih II (AutoSave/Simpan/Simpan dan Kirim/Batal Simpan/Batal Simpan dan Kirim) | P1: Pilih III (AutoSave/Simpan/Simpan dan Kirim/Batal Simpan/Batal Simpan dan Kirim)
A2: 5 | B2: Tambah Ubah Approved Super Editor Artikel E | C2: Ubah Tambah Ubah Approved Super Editor Artikel E | D2: lorem lorem lorem | E2: \\10.5.180.227\Source\bca.jpg | F2: https://vidio.com | G2: 063/SE/POL/2018;063/SE/POL/2019 | H2: Pembukuan;Customer Relationship | J2: WENY ENJELIKA DOLOKSARIBU | K2: Artikel - Supereditor u068843 | L2: Tidak | M2: Tidak | N2: Simpan dan Kirim
A3: 6 | B3: Tambah Ubah Reject Super Editor Artikel F | C3: Ubah Tambah Ubah Reject Super Editor Artikel F | D3: lorem lorem lorem | E3: \\10.5.180.227\Source\bca.jpg | F3: https://vidio.com | G3: 063/SE/POL/2018;063/SE/POL/2019 | H3: Pembukuan;Customer Relationship | J3: WENY ENJELIKA DOLOKSARIBU | K3: Artikel - Supereditor u068843 | L3: Tidak | M3: Tidak | N3: Simpan dan Kirim
A4: 7 | B4: Tambah Ubah Approved Super Editor VP G | C4: Ubah Tambah Ubah Approved Super Editor VP G | D4: lorem lorem lorem | E4: \\10.5.180.227\Source\bca.jpg | F4: https://vidio.com | G4: 063/SE/POL/2018;063/SE/POL/2019 | H4: Pembukuan | J4: WENY ENJELIKA DOLOKSARIBU | K4: VP - Supereditor u068843 | L4: Tidak | M4: Tidak | N4: Simpan dan Kirim
A5: 8 | B5: Tambah Ubah Reject Super Editor VP H | C5: Ubah Tambah Ubah Reject Super Editor VP H | D5: lorem lorem lorem | E5: \\10.5.180.227\Source\bca.jpg | F5: https://vidio.com | G5: 063/SE/POL/2018 | H5: Customer Relationship | J5: WENY ENJELIKA DOLOKSARIBU | K5: VP - Supereditor u068843 | L5: Tidak | M5: Tidak | N5: Simpan dan Kirim
A6: 13 | B6: Tambah Ubah Approved Publisher Artikel M | C6: Ubah Tambah Ubah Approved Publisher Artikel M | D6: lorem lorem lorem | E6: \\10.5.180.227\Source\bca.jpg | F6: https://vidio.com | G6: 063/SE/POL/2018;063/SE/POL/2019 | H6: Pembukuan;Customer Relationship | J6: FARINA ADZANI ADHISTIRA | K6: Artikel - Supereditor U543390 | L6: Tidak | M6: Tidak | N6: Simpan dan Kirim
A7: 14 | B7: Tambah Ubah Reject Publisher Artikel N | C7: Ubah Tambah Ubah Reject Publisher Artikel N | D7: lorem lorem lorem | E7: \\10.5.180.227\Source\bca.jpg | F7: https://vidio.com | G7: 063/SE/POL/2018;063/SE/POL/2019 | H7: Pembukuan;Customer Relationship | J7: FARINA ADZANI ADHISTIRA | K7: Artikel - Supereditor U543390 | L7: Tidak | M7: Tidak | N7: Simpan dan Kirim
A8: 15 | B8: Tambah Ubah Approved Publisher VP O | C8: Ubah Tambah Ubah Approved Publisher VP O | D8: lorem lorem lorem | E8: \\10.5.180.227\Source\bca.jpg | F8: https://vidio.com | G8: 063/SE/POL/2018;063/SE/POL/2019 | H8: Pembukuan | J8: FARINA ADZANI ADHISTIRA | K8: VP - Supereditor U543390 | L8: Tidak | M8: Tidak | N8: Simpan dan Kirim
A9: 16 | B9: Tambah Ubah Reject Publisher VP P | C9: Ubah Tambah Ubah Reject Publisher VP P | D9: lorem lorem lorem | E9: \\10.5.180.227\Source\bca.jpg | F9: https://vidio.com | G9: 063/SE/POL/2018 | H9: Customer Relationship | J9: FARINA ADZANI ADHISTIRA | K9: VP - Supereditor U543390 | L9: Tidak | M9: Tidak | N9: Simpan dan Kirim

Sheet Data Tambah Topik Artikel VP
A1: NO | B1: JUDUL PARENT TOPIK | C1: JUDUL TOPIK | D1: ISI TOPIK | E1: Simpan (Ya/Tidak)
A2: 1 | C2: Ketentuan Tambah Approved Super Editor Artikel A | D2: Isi Ketentuan artikel Super Editor | E2: Ya
A3: 1 | C3: Formulir Tambah Approved Super Editor Artikel A | D3: Isi Formulir artikel Super Editor | E3: Ya
A4: 2 | C4: Ketentuan Tambah Reject Super Editor Artikel B | D4: Isi Ketentuan artikel Super Editor | E4: Ya
A5: 2 | C5: Formulir Tambah Reject Super Editor Artikel B | D5: Isi Formulir artikel Super Editor | E5: Ya
A6: 3 | C6: Ketentuan Tambah Approved Super Editor VP C | D6: Isi Ketentuan artikel Super Editor | E6: Ya
A7: 3 | C7: Formulir Tambah Approved Super Editor VP C | D7: Isi Formulir artikel Super Editor | E7: Ya
A8: 4 | C8: Ketentuan Tambah Reject Super Editor VP D | D8: Isi Ketentuan artikel Super Editor | E8: Ya
A9: 4 | C9: Formulir Tambah Reject Super Editor VP D | D9: Isi Formulir artikel Super Editor | E9: Ya
A10: 5 | C10: Ketentuan Tambah Ubah Approved Super Editor Artikel E | D10: Isi Ketentuan artikel Super Editor | E10: Ya
A11: 5 | C11: Formulir Tambah Ubah Approved Super Editor Artikel E | D11: Isi Formulir artikel Super Editor | E11: Ya
A12: 6 | C12: Ketentuan Tambah Ubah Reject Super Editor Artikel F | D12: Isi Ketentuan artikel Super Editor | E12: Ya
A13: 6 | C13: Formulir Tambah Ubah Reject Super Editor Artikel F | D13: Isi Formulir artikel Super Editor | E13: Ya
... A33: 16 | C33: Formulir Tambah Ubah Reject Publisher VP P | D33: Isi Formulir artikel Publisher | E33: Ya

Sheet Data Artikel VP
A1: NO | B1: JUDUL ARTIKEL | C1: DESKRIPSI SINGKAT | D1: PATH FILE GAMBAR | E1: URL VIDEO | F1: SK/SE REFERENSI | G1: INFORMASI TERKAIT | H1: SUGGESTION | I1: SIMPAN DAN KIRIM | J1: CATATAN SIMPAN & KIRIM | K1: DURASI WAIT | L1: ACTION AFTER 1 | M1: ACTION AFTER 2 | N1: ACTION AFTER 3 | O1: ACTION AFTER 4 | P1: ACTION AFTER 5
A2: 1 | L2: Simpan
A3: 2 | L3: Simpan
A4: 3 | L4: Simpan
A5: 4 | B5: Coba tambah artikel Publisher 1 ubah | C5: lorem lorem Hyperlink Ubah | E5: https://vidio-ubah.com | F5: 063/SE/POL/2018 | G5: Customer Relationship | H5: Penanganan Pengaduan Nasabah;Pengenalan Nasabah | I5: RADITIA FEBIYANTO | J5: Artikel - Editor u060242 | L5: Simpan
A6: 5 | I6: RADITIA FEBIYANTO | J6: Artikel - Editor u060242 | L6: Simpan
A7: 6 | C7: lorem | D7: \\10.5.180.227\Source\bca.jpg | E7: https://vidio.com | F7: 063/SE/POL/2018;063/SE/POL/2019 | G7: Pembukuan;Customer Relationship | I7: RADITIA FEBIYANTO | J7: Artikel - Editor u060242 | L7: Simpan
A8: 7 | C8: lorem | D8: \\10.5.180.227\Source\bca.jpg | E8: https://vidio.com | F8: 063/SE/POL/2018;063/SE/POL/2019 | G8: Pembukuan;Customer Relationship | I8: RADITIA FEBIYANTO | J8: Artikel - Editor u060242 | L8: Simpan
A9: 8 | C9: lorem | D9: \\10.5.180.227\Source\bca.jpg | E9: https://vidio.com | F9: 063/SE/POL/2018;063/SE/POL/2019 | G9: Pembukuan;Customer Relationship | I9: SAMUEL MARANOW | J9: Artikel - Editor u060242 | L9: Simpan
A10: 9 | I10: RADITIA FEBIYANTO | J10: Artikel - Editor u060242 | L10: Simpan
A11: 10 | L11: Simpan
A12: 11 | L12: Simpan
A13: 12 | L13: Simpan
A14: 13 | L14: Simpan
A15: 14 | L15: Simpan
A16: 15 | L16: Simpan
A17: 16 | L17: Simpan
A18: 17 | L18: Simpan
A19: 18 | L19: Simpan
A20: 19 | L20: Simpan
A21: 20 | L21: Simpan
A22: 21 | L22: Simpan
A23: 25 | K23: 10 | L23: Keluar

Sheet Data Hapus Accordion
A1: NO | B1: JUDUL TOPIK | C1: Hapus Accordion (Yes/No)

Sheet Tambah Approve Super Editor
A1: Testcase | B1: Is_Running | C1: Keyword | D1: Pagename | E1: ObjectName | F1: ObjectType | G1: Value | H1: Application
A2: Login A | B2: No | H2: PAKAR
C3: set_specific_wp | G3: Login Super Editor
C4: start_chrome_driver
C5: go_to_url | G5: =Datatable!$R$1 -> URL PAKAR
C6: wait_until_web_element_exist | E6: fieldUserID_pakar
C7: screenshot
C8: set_text | E8: fieldUserID_pakar | G8: =Datatable!$J$1 -> USER ID SUPER EDITOR A
C9: set_text | E9: fieldUserPassword_pakar | G9: =Datatable!$K$1 -> PASSWORD SUPER EDITOR A
C10: screenshot
C11: click | E11: btnSubmitLogin_pakar
C12: debug
A13: Tambah Artikel | B13: No | H13: PAKAR
C14: debug
C15: if_exist_go_to_value | E15: btnPelajariNanti_pakar | G15: PELAJARI NANTI
C16: anchor_go_to_value | G16: PELAJARI NANTI
C17: wait_until_web_element_exist | E17: btnPelajariNanti_pakar
C18: screenshot
C19: click | E19: btnPelajariNanti_pakar
C20: anchor_go_to_value | G20: END_IF_EXIST
C21: wait_for_seconds | G21: 2
C22: screenshot
C23: for_data_by_sheet | G23: Data Tambah Artikel VP;End Data Tambah Artikel VP
C24: click | E24: btnTambahHalaman_pakar
C25: go_to_value | G25: ='Data Tambah Artikel VP'!$B$1 -> PILIH (Artikel/Virtual Page)
C26: anchor_go_to_value | G26: Artikel
C27: wait_until_web_element_exist | E27: btnArtikelTbhHlm_pakar
C28: screenshot
C29: click | E29: btnArtikelTbhHlm_pakar
C30: set_text | E30: fieldNamaArtikel_pakar | G30: ='Data Tambah Artikel VP'!$C$1 -> NAMA ARTIKEL VP
C31: click | E31: btnLokasiArtikel_pakar
C32: wait_for_seconds | G32: 2
C33: click_lokasi | E33: btnLokasiArtikelLv1_pakar | G33: ='Data Tambah Artikel VP'!$E$1 -> LOKASI ARTIKEL VP
C34: click_replace | E34: rbtnTemplate_pakar | G34: ='Data Tambah Artikel VP'!$F$1 -> REKOMENDASI TEMPLATE
C35: wait_until_web_element_exist | E35: btnTambahArtikel_pakar
C36: screenshot
C37: click | E37: btnTambahArtikel_pakar
C38: go_to_value | G38: End Tambah
C39: anchor_go_to_value | G39: Virtual Page
C40: wait_until_web_element_exist | E40: btnVirtualPageHome_pakar
C41: screenshot
C42: click | E42: btnVirtualPageHome_pakar
C43: set_text | E43: fieldJudulVirtualPage_pakar | G43: ='Data Tambah Artikel VP'!$C$1 -> NAMA ARTIKEL VP
C44: click | E44: btnBentukVirtualPage_pakar
C45: wait_for_seconds | G45: 2
C46: click_replace | E46: btnPilihanBentukVP_pakar | G46: ='Data Tambah Artikel VP'!$D$1 -> BENTUK VIRTUAL PAGE
C47: click | E47: btnLokasiVP_pakar
C48: click_lokasi_vp | E48: btnLokasiVPLv2_pakar | G48: ='Data Tambah Artikel VP'!$E$1 -> LOKASI ARTIKEL VP
C49: click_replace | E49: rbtnTemplate_pakar | G49: ='Data Tambah Artikel VP'!$F$1 -> REKOMENDASI TEMPLATE
C50: wait_until_web_element_exist | E50: btnTambahVP_pakar
C51: wait_for_seconds | G51: 2
C52: screenshot
C53: click | E53: btnTambahVP_pakar
C54: anchor_go_to_value | G54: End Tambah
C55: end_data_for_sheet | G55: End Data Tambah Artikel VP
C56: for_data_by_sheet | G56: Data Tambah Isi Artikel VP;End Data Tambah Isi Artikel VP
C57: set_wp | G57: Deskripsi Singkat
C58: if_null_go_to_value | G58: ='Data Tambah Isi Artikel VP'!$B$1 -> DESKRIPSI SINGKAT
C59: anchor_go_to_value | G59: #Not_Null
C60: wait_until_web_element_exist | E60: txtAreaDeskripsiorKontenVirtualPage_pakar
C61: set_text_area | E61: txtAreaDeskripsiorKontenVirtualPage_pakar | G61: ='Data Tambah Isi Artikel VP'!$B$1 -> DESKRIPSI SINGKAT
C62: screenshot
C63: anchor_go_to_value | G63: #Null
C64: set_wp | G64: Tambah Gambar
C65: if_null_go_to_value | G65: ='Data Tambah Isi Artikel VP'!$C$1 -> PATH FILE GAMBAR
C66: anchor_go_to_value | G66: #Not_Null
C67: wait_until_web_element_exist | E67: fieldGambarArtikel_pakar
C68: scroll_into_element | E68: fieldGambarArtikel_pakar
C69: upload_file | E69: fieldGambarArtikel_pakar | G69: ='Data Tambah Isi Artikel VP'!$C$1 -> PATH FILE GAMBAR
C70: screenshot
C71: anchor_go_to_value | G71: #Null
C72: set_wp | G72: Video Artikel
C73: if_null_go_to_value | G73: ='Data Tambah Isi Artikel VP'!$D$1 -> URL VIDEO
C74: anchor_go_to_value | G74: #Not_Null
C75: wait_until_web_element_exist | E75: fieldVideoArtikel_pakar
C76: scroll_into_element | E76: fieldVideoArtikel_pakar
C77: set_text | E77: fieldVideoArtikel_pakar | G77: ='Data Tambah Isi Artikel VP'!$D$1 -> URL VIDEO
C78: screenshot
C79: anchor_go_to_value | G79: #Null
C80: end_data_for_sheet | G80: End Data Tambah Isi Artikel VP
C81: set_wp | G81: Tambah Ubah Topik
C82: expand_all_accordion | E82: btnAccordionArtikel_pakar
C83: for_data_by_sheet | G83: Data Tambah Topik Artikel VP;End Data Tambah Topik Artikel VP
C84: if_null_go_to_value | G84: ='Data Tambah Topik Artikel VP'!B$1 -> JUDUL PARENT TOPIK
C85: anchor_go_to_value | G85: #Not_Null
C86: scroll_into_element | E86: btnAccordionTopik_pakar | G86: ='Data Tambah Topik Artikel VP'!B$1 -> JUDUL PARENT TOPIK
C87: click_replace | E87: btnTambahTopik_pakar | G87: ='Data Tambah Topik Artikel VP'!B$1 -> JUDUL PARENT TOPIK
C88: screenshot
C89: set_text | E89: txtJudulTopikBaru_pakar | G89: ='Data Tambah Topik Artikel VP'!$C$1 -> JUDUL TOPIK
C90: go_to_value | G90: End Topik Baru
C91: anchor_go_to_value | G91: #Null
C92: scroll_into_element | E92: btnAccordionTopik_pakar | G92: ='Data Tambah Topik Artikel VP'!$C$1 -> JUDUL TOPIK
C93: click_replace | E93: btnPensilTopik_pakar | G93: ='Data Tambah Topik Artikel VP'!$C$1 -> JUDUL TOPIK
C94: wait_until_web_element_exist | E94: txtAreaDeskripsiTopik_pakar
C95: anchor_go_to_value | G95: End Topik Baru
C96: set_text_area | E96: txtAreaDeskripsiTopik_pakar | G96: ='Data Tambah Topik Artikel VP'!$D$1 -> ISI TOPIK
C97: screenshot
C98: go_to_value | G98: ='Data Tambah Topik Artikel VP'!$E$1 -> Simpan (Ya/Tidak)
C99: anchor_go_to_value | G99: Ya
C100: click | E100: btnCardSimpan_pakar
...

Sheet Tambah Reject Super Editor
A1: Testcase | B1: Is_Running | C1: Keyword | D1: Pagename | E1: ObjectName | F1: ObjectType | G1: Value | H1: Application
A2: Login A | B2: Yes | H2: PAKAR
C3: set_specific_wp | G3: Login Super Editor
C4: start_chrome_driver
C5: go_to_url | G5: =Datatable!$R$1 -> URL PAKAR
C6: wait_until_web_element_exist | E6: fieldUserID_pakar
C7: screenshot
C8: set_text | E8: fieldUserID_pakar | G8: =Datatable!$J$1 -> USER ID SUPER EDITOR A
C9: set_text | E9: fieldUserPassword_pakar | G9: =Datatable!$K$1 -> PASSWORD SUPER EDITOR A
C10: screenshot
C11: click | E11: btnSubmitLogin_pakar
C12: debug
A13: Tambah Artikel | B13: Yes | H13: PAKAR
C14: debug
C15: if_exist_go_to_value | E15: btnPelajariNanti_pakar | G15: PELAJARI NANTI
C16: anchor_go_to_value | G16: PELAJARI NANTI
C17: wait_until_web_element_exist | E17: btnPelajariNanti_pakar
C18: screenshot
C19: click | E19: btnPelajariNanti_pakar
C20: anchor_go_to_value | G20: END_IF_EXIST
C21: wait_for_seconds | G21: 2
C22: screenshot
C23: for_data_by_sheet | G23: Data Tambah Artikel VP;End Data Tambah Artikel VP
C24: click | E24: btnTambahHalaman_pakar
C25: go_to_value | G25: ='Data Tambah Artikel VP'!$B$1 -> PILIH (Artikel/Virtual Page)
C26: anchor_go_to_value | G26: Artikel
C27: wait_until_web_element_exist | E27: btnArtikelTbhHlm_pakar
C28: screenshot
C29: click | E29: btnArtikelTbhHlm_pakar
C30: set_text | E30: fieldNamaArtikel_pakar | G30: ='Data Tambah Artikel VP'!$C$1 -> NAMA ARTIKEL VP
C31: click | E31: btnLokasiArtikel_pakar
C32: wait_for_seconds | G32: 2
C33: click_lokasi | E33: btnLokasiArtikelLv1_pakar | G33: ='Data Tambah Artikel VP'!$E$1 -> LOKASI ARTIKEL VP
C34: click_replace | E34: rbtnTemplate_pakar | G34: ='Data Tambah Artikel VP'!$F$1 -> REKOMENDASI TEMPLATE
C35: wait_until_web_element_exist | E35: btnTambahArtikel_pakar
C36: screenshot
C37: click | E37: btnTambahArtikel_pakar
C38: go_to_value | G38: End Tambah
C39: anchor_go_to_value | G39: Virtual Page
C40: wait_until_web_element_exist | E40: btnVirtualPageHome_pakar
C41: screenshot
C42: click | E42: btnVirtualPageHome_pakar
C43: set_text | E43: fieldJudulVirtualPage_pakar | G43: ='Data Tambah Artikel VP'!$C$1 -> NAMA ARTIKEL VP
C44: click | E44: btnBentukVirtualPage_pakar
C45: wait_for_seconds | G45: 2
C46: click_replace | E46: btnPilihanBentukVP_pakar | G46: ='Data Tambah Artikel VP'!$D$1 -> BENTUK VIRTUAL PAGE
C47: click | E47: btnLokasiVP_pakar
C48: click_lokasi_vp | E48: btnLokasiVPLv2_pakar | G48: ='Data Tambah Artikel VP'!$E$1 -> LOKASI ARTIKEL VP
C49: click_replace | E49: rbtnTemplate_pakar | G49: ='Data Tambah Artikel VP'!$F$1 -> REKOMENDASI TEMPLATE
C50: wait_until_web_element_exist | E50: btnTambahVP_pakar
C51: wait_for_seconds | G51: 2
C52: screenshot
C53: click | E53: btnTambahVP_pakar
C54: anchor_go_to_value | G54: End Tambah
C55: end_data_for_sheet | G55: End Data Tambah Artikel VP
C56: for_data_by_sheet | G56: Data Tambah Isi Artikel VP;End Data Tambah Isi Artikel VP
C57: set_wp | G57: Deskripsi Singkat
C58: if_null_go_to_value | G58: ='Data Tambah Isi Artikel VP'!$B$1 -> DESKRIPSI SINGKAT
C59: anchor_go_to_value | G59: #Not_Null
C60: wait_until_web_element_exist | E60: txtAreaDeskripsiorKontenVirtualPage_pakar
C61: set_text_area | E61: txtAreaDeskripsiorKontenVirtualPage_pakar | G61: ='Data Tambah Isi Artikel VP'!$B$1 -> DESKRIPSI SINGKAT
C62: screenshot
C63: anchor_go_to_value | G63: #Null
C64: set_wp | G64: Tambah Gambar
C65: if_null_go_to_value | G65: ='Data Tambah Isi Artikel VP'!$C$1 -> PATH FILE GAMBAR
C66: anchor_go_to_value | G66: #Not_Null
C67: wait_until_web_element_exist | E67: fieldGambarArtikel_pakar
C68: scroll_into_element | E68: fieldGambarArtikel_pakar
C69: upload_file | E69: fieldGambarArtikel_pakar | G69: ='Data Tambah Isi Artikel VP'!$C$1 -> PATH FILE GAMBAR
C70: screenshot
C71: anchor_go_to_value | G71: #Null
C72: set_wp | G72: Video Artikel
C73: if_null_go_to_value | G73: ='Data Tambah Isi Artikel VP'!$D$1 -> URL VIDEO
C74: anchor_go_to_value | G74: #Not_Null
C75: wait_until_web_element_exist | E75: fieldVideoArtikel_pakar
C76: scroll_into_element | E76: fieldVideoArtikel_pakar
C77: set_text | E77: fieldVideoArtikel_pakar | G77: ='Data Tambah Isi Artikel VP'!$D$1 -> URL VIDEO
C78: screenshot
C79: anchor_go_to_value | G79: #Null
C80: end_data_for_sheet | G80: End Data Tambah Isi Artikel VP
C81: set_wp | G81: Tambah Ubah Topik
C82: expand_all_accordion | E82: btnAccordionArtikel_pakar
C83: for_data_by_sheet | G83: Data Tambah Topik Artikel VP;End Data Tambah Topik Artikel VP
C84: if_null_go_to_value | G84: ='Data Tambah Topik Artikel VP'!B$1 -> JUDUL PARENT TOPIK
C85: anchor_go_to_value | G85: #Not_Null
C86: scroll_into_element | E86: btnAccordionTopik_pakar | G86: ='Data Tambah Topik Artikel VP'!B$1 -> JUDUL PARENT TOPIK
C87: click_replace | E87: btnTambahTopik_pakar | G87: ='Data Tambah Topik Artikel VP'!B$1 -> JUDUL PARENT TOPIK
C88: screenshot
C89: set_text | E89: txtJudulTopikBaru_pakar | G89: ='Data Tambah Topik Artikel VP'!$C$1 -> JUDUL TOPIK
C90: go_to_value | G90: End Topik Baru
C91: anchor_go_to_value | G91: #Null
C92: scroll_into_element | E92: btnAccordionTopik_pakar | G92: ='Data Tambah Topik Artikel VP'!$C$1 -> JUDUL TOPIK
C93: click_replace | E93: btnPensilTopik_pakar | G93: ='Data Tambah Topik Artikel VP'!$C$1 -> JUDUL TOPIK
C94: wait_until_web_element_exist | E94: txtAreaDeskripsiTopik_pakar
C95: anchor_go_to_value | G95: End Topik Baru
C96: set_text_area | E96: txtAreaDeskripsiTopik_pakar | G96: ='Data Tambah Topik Artikel VP'!$D$1 -> ISI TOPIK
C97: screenshot
C98: go_to_value | G98: ='Data Tambah Topik Artikel VP'!$E$1 -> Simpan (Ya/Tidak)
C99: anchor_go_to_value | G99: Ya
C100: click | E100: btnCardSimpan_pakar
...

Sheet Tambah Approve Publisher
A1: Testcase | B1: Is_Running | C1: Keyword | D1: Pagename | E1: ObjectName | F1: ObjectType | G1: Value | H1: Application
A2: Login A | B2: Yes | H2: PAKAR
C3: set_specific_wp | G3: Login Super Editor
C4: start_chrome_driver
C5: go_to_url | G5: =Datatable!$R$1 -> URL PAKAR
C6: wait_until_web_element_exist | E6: fieldUserID_pakar
C7: screenshot
C8: set_text | E8: fieldUserID_pakar | G8: =Datatable!$J$1 -> USER ID SUPER EDITOR A
C9: set_text | E9: fieldUserPassword_pakar | G9: =Datatable!$K$1 -> PASSWORD SUPER EDITOR A
C10: screenshot
C11: click | E11: btnSubmitLogin_pakar
C12: debug
A13: Tambah Artikel | B13: Yes | H13: PAKAR
C14: debug
C15: if_exist_go_to_value | E15: btnPelajariNanti_pakar | G15: PELAJARI NANTI
C16: anchor_go_to_value | G16: PELAJARI NANTI
C17: wait_until_web_element_exist | E17: btnPelajariNanti_pakar
C18: screenshot
C19: click | E19: btnPelajariNanti_pakar
C20: anchor_go_to_value | G20: END_IF_EXIST
C21: wait_for_seconds | G21: 2
C22: screenshot
C23: for_data_by_sheet | G23: Data Tambah Artikel VP;End Data Tambah Artikel VP
C24: click | E24: btnTambahHalaman_pakar
C25: go_to_value | G25: ='Data Tambah Artikel VP'!$B$1 -> PILIH (Artikel/Virtual Page)
C26: anchor_go_to_value | G26: Artikel
C27: wait_until_web_element_exist | E27: btnArtikelTbhHlm_pakar
C28: screenshot
C29: click | E29: btnArtikelTbhHlm_pakar
C30: set_text | E30: fieldNamaArtikel_pakar | G30: ='Data Tambah Artikel VP'!$C$1 -> NAMA ARTIKEL VP
C31: click | E31: btnLokasiArtikel_pakar
C32: wait_for_seconds | G32: 2
C33: click_lokasi | E33: btnLokasiArtikelLv1_pakar | G33: ='Data Tambah Artikel VP'!$E$1 -> LOKASI ARTIKEL VP
C34: click_replace | E34: rbtnTemplate_pakar | G34: ='Data Tambah Artikel VP'!$F$1 -> REKOMENDASI TEMPLATE
C35: wait_until_web_element_exist | E35: btnTambahArtikel_pakar
C36: screenshot
C37: click | E37: btnTambahArtikel_pakar
C38: go_to_value | G38: End Tambah
C39: anchor_go_to_value | G39: Virtual Page
C40: wait_until_web_element_exist | E40: btnVirtualPageHome_pakar
C41: screenshot
C42: click | E42: btnVirtualPageHome_pakar
C43: set_text | E43: fieldJudulVirtualPage_pakar | G43: ='Data Tambah Artikel VP'!$C$1 -> NAMA ARTIKEL VP
C44: click | E44: btnBentukVirtualPage_pakar
C45: wait_for_seconds | G45: 2
C46: click_replace | E46: btnPilihanBentukVP_pakar | G46: ='Data Tambah Artikel VP'!$D$1 -> BENTUK VIRTUAL PAGE
C47: click | E47: btnLokasiVP_pakar
C48: click_lokasi_vp | E48: btnLokasiVPLv2_pakar | G48: ='Data Tambah Artikel VP'!$E$1 -> LOKASI ARTIKEL VP
C49: click_replace | E49: rbtnTemplate_pakar | G49: ='Data Tambah Artikel VP'!$F$1 -> REKOMENDASI TEMPLATE
C50: wait_until_web_element_exist | E50: btnTambahVP_pakar
C51: wait_for_seconds | G51: 2
C52: screenshot
C53: click | E53: btnTambahVP_pakar
C54: anchor_go_to_value | G54: End Tambah
C55: end_data_for_sheet | G55: End Data Tambah Artikel VP
C56: for_data_by_sheet | G56: Data Tambah Isi Artikel VP;End Data Tambah Isi Artikel VP
C57: set_wp | G57: Deskripsi Singkat
C58: if_null_go_to_value | G58: ='Data Tambah Isi Artikel VP'!$B$1 -> DESKRIPSI SINGKAT
C59: anchor_go_to_value | G59: #Not_Null
C60: wait_until_web_element_exist | E60: txtAreaDeskripsiorKontenVirtualPage_pakar
C61: set_text_area | E61: txtAreaDeskripsiorKontenVirtualPage_pakar | G61: ='Data Tambah Isi Artikel VP'!$B$1 -> DESKRIPSI SINGKAT
C62: screenshot
C63: anchor_go_to_value | G63: #Null
C64: set_wp | G64: Tambah Gambar
C65: if_null_go_to_value | G65: ='Data Tambah Isi Artikel VP'!$C$1 -> PATH FILE GAMBAR
C66: anchor_go_to_value | G66: #Not_Null
C67: wait_until_web_element_exist | E67: fieldGambarArtikel_pakar
C68: scroll_into_element | E68: fieldGambarArtikel_pakar
C69: upload_file | E69: fieldGambarArtikel_pakar | G69: ='Data Tambah Isi Artikel VP'!$C$1 -> PATH FILE GAMBAR
C70: screenshot
C71: anchor_go_to_value | G71: #Null
C72: set_wp | G72: Video Artikel
C73: if_null_go_to_value | G73: ='Data Tambah Isi Artikel VP'!$D$1 -> URL VIDEO
C74: anchor_go_to_value | G74: #Not_Null
C75: wait_until_web_element_exist | E75: fieldVideoArtikel_pakar
C76: scroll_into_element | E76: fieldVideoArtikel_pakar
C77: set_text | E77: fieldVideoArtikel_pakar | G77: ='Data Tambah Isi Artikel VP'!$D$1 -> URL VIDEO
C78: screenshot
C79: anchor_go_to_value | G79: #Null
C80: end_data_for_sheet | G80: End Data Tambah Isi Artikel VP
C81: set_wp | G81: Tambah Ubah Topik
C82: expand_all_accordion | E82: btnAccordionArtikel_pakar
C83: for_data_by_sheet | G83: Data Tambah Topik Artikel VP;End Data Tambah Topik Artikel VP
C84: if_null_go_to_value | G84: ='Data Tambah Topik Artikel VP'!B$1 -> JUDUL PARENT TOPIK
C85: anchor_go_to_value | G85: #Not_Null
C86: scroll_into_element | E86: btnAccordionTopik_pakar | G86: ='Data Tambah Topik Artikel VP'!B$1 -> JUDUL PARENT TOPIK
C87: click_replace | E87: btnTambahTopik_pakar | G87: ='Data Tambah Topik Artikel VP'!B$1 -> JUDUL PARENT TOPIK
C88: screenshot
C89: set_text | E89: txtJudulTopikBaru_pakar | G89: ='Data Tambah Topik Artikel VP'!$C$1 -> JUDUL TOPIK
C90: go_to_value | G90: End Topik Baru
C91: anchor_go_to_value | G91: #Null
C92: scroll_into_element | E92: btnAccordionTopik_pakar | G92: ='Data Tambah Topik Artikel VP'!$C$1 -> JUDUL TOPIK
C93: click_replace | E93: btnPensilTopik_pakar | G93: ='Data Tambah Topik Artikel VP'!$C$1 -> JUDUL TOPIK
C94: wait_until_web_element_exist | E94: txtAreaDeskripsiTopik_pakar
C95: anchor_go_to_value | G95: End Topik Baru
C96: set_text_area | E96: txtAreaDeskripsiTopik_pakar | G96: ='Data Tambah Topik Artikel VP'!$D$1 -> ISI TOPIK
C97: screenshot
C98: go_to_value | G98: ='Data Tambah Topik Artikel VP'!$E$1 -> Simpan (Ya/Tidak)
C99: anchor_go_to_value | G99: Ya
C100: click | E100: btnCardSimpan_pakar
...

Sheet Tambah Reject Publisher
A1: Testcase | B1: Is_Running | C1: Keyword | D1: Pagename | E1: ObjectName | F1: ObjectType | G1: Value | H1: Application
A2: Login A | B2: Yes | H2: PAKAR
C3: set_specific_wp | G3: Login Super Editor
C4: start_chrome_driver
C5: go_to_url | G5: =Datatable!$R$1 -> URL PAKAR
C6: wait_until_web_element_exist | E6: fieldUserID_pakar
C7: screenshot
C8: set_text | E8: fieldUserID_pakar | G8: =Datatable!$J$1 -> USER ID SUPER EDITOR A
C9: set_text | E9: fieldUserPassword_pakar | G9: =Datatable!$K$1 -> PASSWORD SUPER EDITOR A
C10: screenshot
C11: click | E11: btnSubmitLogin_pakar
C12: debug
A13: Tambah Artikel | B13: Yes | H13: PAKAR
C14: debug
C15: if_exist_go_to_value | E15: btnPelajariNanti_pakar | G15: PELAJARI NANTI
C16: anchor_go_to_value | G16: PELAJARI NANTI
C17: wait_until_web_element_exist | E17: btnPelajariNanti_pakar
C18: screenshot
C19: click | E19: btnPelajariNanti_pakar
C20: anchor_go_to_value | G20: END_IF_EXIST
C21: wait_for_seconds | G21: 2
C22: screenshot
C23: for_data_by_sheet | G23: Data Tambah Artikel VP;End Data Tambah Artikel VP
C24: click | E24: btnTambahHalaman_pakar
C25: go_to_value | G25: ='Data Tambah Artikel VP'!$B$1 -> PILIH (Artikel/Virtual Page)
C26: anchor_go_to_value | G26: Artikel
C27: wait_until_web_element_exist | E27: btnArtikelTbhHlm_pakar
C28: screenshot
C29: click | E29: btnArtikelTbhHlm_pakar
C30: set_text | E30: fieldNamaArtikel_pakar | G30: ='Data Tambah Artikel VP'!$C$1 -> NAMA ARTIKEL VP
C31: click | E31: btnLokasiArtikel_pakar
C32: wait_for_seconds | G32: 2
C33: click_lokasi | E33: btnLokasiArtikelLv1_pakar | G33: ='Data Tambah Artikel VP'!$E$1 -> LOKASI ARTIKEL VP
C34: click_replace | E34: rbtnTemplate_pakar | G34: ='Data Tambah Artikel VP'!$F$1 -> REKOMENDASI TEMPLATE
C35: wait_until_web_element_exist | E35: btnTambahArtikel_pakar
C36: screenshot
C37: click | E37: btnTambahArtikel_pakar
C38: go_to_value | G38: End Tambah
C39: anchor_go_to_value | G39: Virtual Page
C40: wait_until_web_element_exist | E40: btnVirtualPageHome_pakar
C41: screenshot
C42: click | E42: btnVirtualPageHome_pakar
C43: set_text | E43: fieldJudulVirtualPage_pakar | G43: ='Data Tambah Artikel VP'!$C$1 -> NAMA ARTIKEL VP
C44: click | E44: btnBentukVirtualPage_pakar
C45: wait_for_seconds | G45: 2
C46: click_replace | E46: btnPilihanBentukVP_pakar | G46: ='Data Tambah Artikel VP'!$D$1 -> BENTUK VIRTUAL PAGE
C47: click | E47: btnLokasiVP_pakar
C48: click_lokasi_vp | E48: btnLokasiVPLv2_pakar | G48: ='Data Tambah Artikel VP'!$E$1 -> LOKASI ARTIKEL VP
C49: click_replace | E49: rbtnTemplate_pakar | G49: ='Data Tambah Artikel VP'!$F$1 -> REKOMENDASI TEMPLATE
C50: wait_until_web_element_exist | E50: btnTambahVP_pakar
C51: wait_for_seconds | G51: 2
C52: screenshot
C53: click | E53: btnTambahVP_pakar
C54: anchor_go_to_value | G54: End Tambah
C55: end_data_for_sheet | G55: End Data Tambah Artikel VP
C56: for_data_by_sheet | G56: Data Tambah Isi Artikel VP;End Data Tambah Isi Artikel VP
C57: set_wp | G57: Deskripsi Singkat
C58: if_null_go_to_value | G58: ='Data Tambah Isi Artikel VP'!$B$1 -> DESKRIPSI SINGKAT
C59: anchor_go_to_value | G59: #Not_Null
C60: wait_until_web_element_exist | E60: txtAreaDeskripsiorKontenVirtualPage_pakar
C61: set_text_area | E61: txtAreaDeskripsiorKontenVirtualPage_pakar | G61: ='Data Tambah Isi Artikel VP'!$B$1 -> DESKRIPSI SINGKAT
C62: screenshot
C63: anchor_go_to_value | G63: #Null
C64: set_wp | G64: Tambah Gambar
C65: if_null_go_to_value | G65: ='Data Tambah Isi Artikel VP'!$C$1 -> PATH FILE GAMBAR
C66: anchor_go_to_value | G66: #Not_Null
C67: wait_until_web_element_exist | E67: fieldGambarArtikel_pakar
C68: scroll_into_element | E68: fieldGambarArtikel_pakar
C69: upload_file | E69: fieldGambarArtikel_pakar | G69: ='Data Tambah Isi Artikel VP'!$C$1 -> PATH FILE GAMBAR
C70: screenshot
C71: anchor_go_to_value | G71: #Null
C72: set_wp | G72: Video Artikel
C73: if_null_go_to_value | G73: ='Data Tambah Isi Artikel VP'!$D$1 -> URL VIDEO
C74: anchor_go_to_value | G74: #Not_Null
C75: wait_until_web_element_exist | E75: fieldVideoArtikel_pakar
C76: scroll_into_element | E76: fieldVideoArtikel_pakar
C77: set_text | E77: fieldVideoArtikel_pakar | G77: ='Data Tambah Isi Artikel VP'!$D$1 -> URL VIDEO
C78: screenshot
C79: anchor_go_to_value | G79: #Null
C80: end_data_for_sheet | G80: End Data Tambah Isi Artikel VP
C81: set_wp | G81: Tambah Ubah Topik
C82: expand_all_accordion | E82: btnAccordionArtikel_pakar
C83: for_data_by_sheet | G83: Data Tambah Topik Artikel VP;End Data Tambah Topik Artikel VP
C84: if_null_go_to_value | G84: ='Data Tambah Topik Artikel VP'!B$1 -> JUDUL PARENT TOPIK
C85: anchor_go_to_value | G85: #Not_Null
C86: scroll_into_element | E86: btnAccordionTopik_pakar | G86: ='Data Tambah Topik Artikel VP'!B$1 -> JUDUL PARENT TOPIK
C87: click_replace | E87: btnTambahTopik_pakar | G87: ='Data Tambah Topik Artikel VP'!B$1 -> JUDUL PARENT TOPIK
C88: screenshot
C89: set_text | E89: txtJudulTopikBaru_pakar | G89: ='Data Tambah Topik Artikel VP'!$C$1 -> JUDUL TOPIK
C90: go_to_value | G90: End Topik Baru
C91: anchor_go_to_value | G91: #Null
C92: scroll_into_element | E92: btnAccordionTopik_pakar | G92: ='Data Tambah Topik Artikel VP'!$C$1 -> JUDUL TOPIK
C93: click_replace | E93: btnPensilTopik_pakar | G93: ='Data Tambah Topik Artikel VP'!$C$1 -> JUDUL TOPIK
C94: wait_until_web_element_exist | E94: txtAreaDeskripsiTopik_pakar
C95: anchor_go_to_value | G95: End Topik Baru
C96: set_text_area | E96: txtAreaDeskripsiTopik_pakar | G96: ='Data Tambah Topik Artikel VP'!$D$1 -> ISI TOPIK
C97: screenshot
C98: go_to_value | G98: ='Data Tambah Topik Artikel VP'!$E$1 -> Simpan (Ya/Tidak)
C99: anchor_go_to_value | G99: Ya
C100: click | E100: btnCardSimpan_pakar
...

Sheet Tambah Ubah Approve SuperEditor
A1: Testcase | B1: Is_Running | C1: Keyword | D1: Pagename | E1: ObjectName | F1: ObjectType | G1: Value | H1: Application
A2: Login A | B2: Yes | H2: PAKAR
C3: set_specific_wp | G3: Login Super Editor
C4: start_chrome_driver
C5: go_to_url | G5: =Datatable!$R$1 -> URL PAKAR
C6: wait_until_web_element_exist | E6: fieldUserID_pakar
C7: screenshot
C8: set_text | E8: fieldUserID_pakar | G8: =Datatable!$J$1 -> USER ID SUPER EDITOR A
C9: set_text | E9: fieldUserPassword_pakar | G9: =Datatable!$K$1 -> PASSWORD SUPER EDITOR A
C10: screenshot
C11: click | E11: btnSubmitLogin_pakar
C12: debug
A13: Tambah Artikel | B13: Yes | H13: PAKAR
C14: debug
C15: if_exist_go_to_value | E15: btnPelajariNanti_pakar | G15: PELAJARI NANTI
C16: anchor_go_to_value | G16: PELAJARI NANTI
C17: wait_until_web_element_exist | E17: btnPelajariNanti_pakar
C18: screenshot
C19: click | E19: btnPelajariNanti_pakar
C20: anchor_go_to_value | G20: END_IF_EXIST
C21: wait_for_seconds | G21: 2
C22: screenshot
C23: for_data_by_sheet | G23: Data Tambah Artikel VP;End Data Tambah Artikel VP
C24: click | E24: btnTambahHalaman_pakar
C25: go_to_value | G25: ='Data Tambah Artikel VP'!$B$1 -> PILIH (Artikel/Virtual Page)
C26: anchor_go_to_value | G26: Artikel
C27: wait_until_web_element_exist | E27: btnArtikelTbhHlm_pakar
C28: screenshot
C29: click | E29: btnArtikelTbhHlm_pakar
C30: set_text | E30: fieldNamaArtikel_pakar | G30: ='Data Tambah Artikel VP'!$C$1 -> NAMA ARTIKEL VP
C31: click | E31: btnLokasiArtikel_pakar
C32: wait_for_seconds | G32: 2
C33: click_lokasi | E33: btnLokasiArtikelLv1_pakar | G33: ='Data Tambah Artikel VP'!$E$1 -> LOKASI ARTIKEL VP
C34: click_replace | E34: rbtnTemplate_pakar | G34: ='Data Tambah Artikel VP'!$F$1 -> REKOMENDASI TEMPLATE
C35: wait_until_web_element_exist | E35: btnTambahArtikel_pakar
C36: screenshot
C37: click | E37: btnTambahArtikel_pakar
C38: go_to_value | G38: End Tambah
C39: anchor_go_to_value | G39: Virtual Page
C40: wait_until_web_element_exist | E40: btnVirtualPageHome_pakar
C41: screenshot
C42: click | E42: btnVirtualPageHome_pakar
C43: set_text | E43: fieldJudulVirtualPage_pakar | G43: ='Data Tambah Artikel VP'!$C$1 -> NAMA ARTIKEL VP
C44: click | E44: btnBentukVirtualPage_pakar
C45: wait_for_seconds | G45: 2
C46: click_replace | E46: btnPilihanBentukVP_pakar | G46: ='Data Tambah Artikel VP'!$D$1 -> BENTUK VIRTUAL PAGE
C47: click | E47: btnLokasiVP_pakar
C48: click_lokasi_vp | E48: btnLokasiVPLv2_pakar | G48: ='Data Tambah Artikel VP'!$E$1 -> LOKASI ARTIKEL VP
C49: click_replace | E49: rbtnTemplate_pakar | G49: ='Data Tambah Artikel VP'!$F$1 -> REKOMENDASI TEMPLATE
C50: wait_until_web_element_exist | E50: btnTambahVP_pakar
C51: wait_for_seconds | G51: 2
C52: screenshot
C53: click | E53: btnTambahVP_pakar
C54: anchor_go_to_value | G54: End Tambah
C55: end_data_for_sheet | G55: End Data Tambah Artikel VP
C56: for_data_by_sheet | G56: Data Tambah Isi Artikel VP;End Data Tambah Isi Artikel VP
C57: set_wp | G57: Deskripsi Singkat
C58: if_null_go_to_value | G58: ='Data Edit Isi Artikel VP'!$D$1 -> DESKRIPSI SINGKAT
C59: anchor_go_to_value | G59: #Not_Null
C60: wait_until_web_element_exist | E60: txtAreaDeskripsiorKontenVirtualPage_pakar
C61: set_text_area | E61: txtAreaDeskripsiorKontenVirtualPage_pakar | G61: ='Data Edit Isi Artikel VP'!$D$1 -> DESKRIPSI SINGKAT
C62: screenshot
C63: anchor_go_to_value | G63: #Null
C64: set_wp | G64: Tambah Gambar
C65: if_null_go_to_value | G65: ='Data Edit Isi Artikel VP'!$E$1 -> PATH FILE GAMBAR
C66: anchor_go_to_value | G66: #Not_Null
C67: wait_until_web_element_exist | E67: fieldGambarArtikel_pakar
C68: scroll_into_element | E68: fieldGambarArtikel_pakar
C69: upload_file | E69: fieldGambarArtikel_pakar | G69: ='Data Edit Isi Artikel VP'!$E$1 -> PATH FILE GAMBAR
C70: screenshot
C71: anchor_go_to_value | G71: #Null
C72: set_wp | G72: Video Artikel
C73: if_null_go_to_value | G73: ='Data Edit Isi Artikel VP'!$F$1 -> URL VIDEO
C74: anchor_go_to_value | G74: #Not_Null
C75: wait_until_web_element_exist | E75: fieldVideoArtikel_pakar
C76: scroll_into_element | E76: fieldVideoArtikel_pakar
C77: set_text | E77: fieldVideoArtikel_pakar | G77: ='Data Edit Isi Artikel VP'!$F$1 -> URL VIDEO
C78: screenshot
C79: anchor_go_to_value | G79: #Null
C80: end_data_for_sheet | G80: End Data Tambah Isi Artikel VP
C81: set_wp | G81: Tambah Ubah Topik
C82: expand_all_accordion | E82: btnAccordionArtikel_pakar
C83: for_data_by_sheet | G83: Data Tambah Topik Artikel VP;End Data Tambah Topik Artikel VP
C84: if_null_go_to_value | G84: ='Data Tambah Topik Artikel VP'!B$1 -> JUDUL PARENT TOPIK
C85: anchor_go_to_value | G85: #Not_Null
C86: scroll_into_element | E86: btnAccordionTopik_pakar | G86: ='Data Tambah Topik Artikel VP'!B$1 -> JUDUL PARENT TOPIK
C87: click_replace | E87: btnTambahTopik_pakar | G87: ='Data Tambah Topik Artikel VP'!B$1 -> JUDUL PARENT TOPIK
C88: screenshot
C89: set_text | E89: txtJudulTopikBaru_pakar | G89: ='Data Tambah Topik Artikel VP'!$C$1 -> JUDUL TOPIK
C90: go_to_value | G90: End Topik Baru
C91: anchor_go_to_value | G91: #Null
C92: scroll_into_element | E92: btnAccordionTopik_pakar | G92: ='Data Tambah Topik Artikel VP'!$C$1 -> JUDUL TOPIK
C93: click_replace | E93: btnPensilTopik_pakar | G93: ='Data Tambah Topik Artikel VP'!$C$1 -> JUDUL TOPIK
C94: wait_until_web_element_exist | E94: txtAreaDeskripsiTopik_pakar
C95: anchor_go_to_value | G95: End Topik Baru
C96: set_text_area | E96: txtAreaDeskripsiTopik_pakar | G96: ='Data Tambah Topik Artikel VP'!$D$1 -> ISI TOPIK
C97: screenshot
C98: go_to_value | G98: ='Data Tambah Topik Artikel VP'!$E$1 -> Simpan (Ya/Tidak)
C99: anchor_go_to_value | G99: Ya
C100: click | E100: btnCardSimpan_pakar
...

Sheet Tambah Ubah Reject Super Editor
A1: Testcase | B1: Is_Running | C1: Keyword | D1: Pagename | E1: ObjectName | F1: ObjectType | G1: Value | H1: Application
A2: Login A | B2: Yes | H2: PAKAR
C3: set_specific_wp | G3: Login Super Editor
C4: start_chrome_driver
C5: go_to_url | G5: =Datatable!$R$1 -> URL PAKAR
C6: wait_until_web_element_exist | E6: fieldUserID_pakar
C7: screenshot
C8: set_text | E8: fieldUserID_pakar | G8: =Datatable!$J$1 -> USER ID SUPER EDITOR A
C9: set_text | E9: fieldUserPassword_pakar | G9: =Datatable!$K$1 -> PASSWORD SUPER EDITOR A
C10: screenshot
C11: click | E11: btnSubmitLogin_pakar
C12: debug
A13: Tambah Artikel | B13: Yes | H13: PAKAR
C14: debug
C15: if_exist_go_to_value | E15: btnPelajariNanti_pakar | G15: PELAJARI NANTI
C16: anchor_go_to_value | G16: PELAJARI NANTI
C17: wait_until_web_element_exist | E17: btnPelajariNanti_pakar
C18: screenshot
C19: click | E19: btnPelajariNanti_pakar
C20: anchor_go_to_value | G20: END_IF_EXIST
C21: wait_for_seconds | G21: 2
C22: screenshot
C23: for_data_by_sheet | G23: Data Tambah Artikel VP;End Data Tambah Artikel VP
C24: click | E24: btnTambahHalaman_pakar
C25: go_to_value | G25: ='Data Tambah Artikel VP'!$B$1 -> PILIH (Artikel/Virtual Page)
C26: anchor_go_to_value | G26: Artikel
C27: wait_until_web_element_exist | E27: btnArtikelTbhHlm_pakar
C28: screenshot
C29: click | E29: btnArtikelTbhHlm_pakar
C30: set_text | E30: fieldNamaArtikel_pakar | G30: ='Data Tambah Artikel VP'!$C$1 -> NAMA ARTIKEL VP
C31: click | E31: btnLokasiArtikel_pakar
C32: wait_for_seconds | G32: 2
C33: click_lokasi | E33: btnLokasiArtikelLv1_pakar | G33: ='Data Tambah Artikel VP'!$E$1 -> LOKASI ARTIKEL VP
C34: click_replace | E34: rbtnTemplate_pakar | G34: ='Data Tambah Artikel VP'!$F$1 -> REKOMENDASI TEMPLATE
C35: wait_until_web_element_exist | E35: btnTambahArtikel_pakar
C36: screenshot
C37: click | E37: btnTambahArtikel_pakar
C38: go_to_value | G38: End Tambah
C39: anchor_go_to_value | G39: Virtual Page
C40: wait_until_web_element_exist | E40: btnVirtualPageHome_pakar
C41: screenshot
C42: click | E42: btnVirtualPageHome_pakar
C43: set_text | E43: fieldJudulVirtualPage_pakar | G43: ='Data Tambah Artikel VP'!$C$1 -> NAMA ARTIKEL VP
C44: click | E44: btnBentukVirtualPage_pakar
C45: wait_for_seconds | G45: 2
C46: click_replace | E46: btnPilihanBentukVP_pakar | G46: ='Data Tambah Artikel VP'!$D$1 -> BENTUK VIRTUAL PAGE
C47: click | E47: btnLokasiVP_pakar
C48: click_lokasi_vp | E48: btnLokasiVPLv2_pakar | G48: ='Data Tambah Artikel VP'!$E$1 -> LOKASI ARTIKEL VP
C49: click_replace | E49: rbtnTemplate_pakar | G49: ='Data Tambah Artikel VP'!$F$1 -> REKOMENDASI TEMPLATE
C50: wait_until_web_element_exist | E50: btnTambahVP_pakar
C51: wait_for_seconds | G51: 2
C52: screenshot
C53: click | E53: btnTambahVP_pakar
C54: anchor_go_to_value | G54: End Tambah
C55: end_data_for_sheet | G55: End Data Tambah Artikel VP
C56: for_data_by_sheet | G56: Data Tambah Isi Artikel VP;End Data Tambah Isi Artikel VP
C57: set_wp | G57: Deskripsi Singkat
C58: if_null_go_to_value | G58: ='Data Tambah Isi Artikel VP'!$B$1 -> DESKRIPSI SINGKAT
C59: anchor_go_to_value | G59: #Not_Null
C60: wait_until_web_element_exist | E60: txtAreaDeskripsiorKontenVirtualPage_pakar
C61: set_text_area | E61: txtAreaDeskripsiorKontenVirtualPage_pakar | G61: ='Data Tambah Isi Artikel VP'!$B$1 -> DESKRIPSI SINGKAT
C62: screenshot
C63: anchor_go_to_value | G63: #Null
C64: set_wp | G64: Tambah Gambar
C65: if_null_go_to_value | G65: ='Data Tambah Isi Artikel VP'!$C$1 -> PATH FILE GAMBAR
C66: anchor_go_to_value | G66: #Not_Null
C67: wait_until_web_element_exist | E67: fieldGambarArtikel_pakar
C68: scroll_into_element | E68: fieldGambarArtikel_pakar
C69: upload_file | E69: fieldGambarArtikel_pakar | G69: ='Data Tambah Isi Artikel VP'!$C$1 -> PATH FILE GAMBAR
C70: screenshot
C71: anchor_go_to_value | G71: #Null
C72: set_wp | G72: Video Artikel
C73: if_null_go_to_value | G73: ='Data Tambah Isi Artikel VP'!$D$1 -> URL VIDEO
C74: anchor_go_to_value | G74: #Not_Null
C75: wait_until_web_element_exist | E75: fieldVideoArtikel_pakar
C76: scroll_into_element | E76: fieldVideoArtikel_pakar
C77: set_text | E77: fieldVideoArtikel_pakar | G77: ='Data Tambah Isi Artikel VP'!$D$1 -> URL VIDEO
C78: screenshot
C79: anchor_go_to_value | G79: #Null
C80: end_data_for_sheet | G80: End Data Tambah Isi Artikel VP
C81: set_wp | G81: Tambah Ubah Topik
C82: expand_all_accordion | E82: btnAccordionArtikel_pakar
C83: for_data_by_sheet | G83: Data Tambah Topik Artikel VP;End Data Tambah Topik Artikel VP
C84: if_null_go_to_value | G84: ='Data Tambah Topik Artikel VP'!B$1 -> JUDUL PARENT TOPIK
C85: anchor_go_to_value | G85: #Not_Null
C86: scroll_into_element | E86: btnAccordionTopik_pakar | G86: ='Data Tambah Topik Artikel VP'!B$1 -> JUDUL PARENT TOPIK
C87: click_replace | E87: btnTambahTopik_pakar | G87: ='Data Tambah Topik Artikel VP'!B$1 -> JUDUL PARENT TOPIK
C88: screenshot
C89: set_text | E89: txtJudulTopikBaru_pakar | G89: ='Data Tambah Topik Artikel VP'!$C$1 -> JUDUL TOPIK
C90: go_to_value | G90: End Topik Baru
C91: anchor_go_to_value | G91: #Null
C92: scroll_into_element | E92: btnAccordionTopik_pakar | G92: ='Data Tambah Topik Artikel VP'!$C$1 -> JUDUL TOPIK
C93: click_replace | E93: btnPensilTopik_pakar | G93: ='Data Tambah Topik Artikel VP'!$C$1 -> JUDUL TOPIK
C94: wait_until_web_element_exist | E94: txtAreaDeskripsiTopik_pakar
C95: anchor_go_to_value | G95: End Topik Baru
C96: set_text_area | E96: txtAreaDeskripsiTopik_pakar | G96: ='Data Tambah Topik Artikel VP'!$D$1 -> ISI TOPIK
C97: screenshot
C98: go_to_value | G98: ='Data Tambah Topik Artikel VP'!$E$1 -> Simpan (Ya/Tidak)
C99: anchor_go_to_value | G99: Ya
C100: click | E100: btnCardSimpan_pakar
...

Sheet Tambah Ubah Approve Publisher
A1: Testcase | B1: Is_Running | C1: Keyword | D1: Pagename | E1: ObjectName | F1: ObjectType | G1: Value | H1: Application
A2: Login A | B2: Yes | H2: PAKAR
C3: set_specific_wp | G3: Login Super Editor
C4: start_chrome_driver
C5: go_to_url | G5: =Datatable!$R$1 -> URL PAKAR
C6: wait_until_web_element_exist | E6: fieldUserID_pakar
C7: screenshot
C8: set_text | E8: fieldUserID_pakar | G8: =Datatable!$J$1 -> USER ID SUPER EDITOR A
C9: set_text | E9: fieldUserPassword_pakar | G9: =Datatable!$K$1 -> PASSWORD SUPER EDITOR A
C10: screenshot
C11: click | E11: btnSubmitLogin_pakar
C12: debug
A13: Tambah Artikel | B13: Yes | H13: PAKAR
C14: debug
C15: if_exist_go_to_value | E15: btnPelajariNanti_pakar | G15: PELAJARI NANTI
C16: anchor_go_to_value | G16: PELAJARI NANTI
C17: wait_until_web_element_exist | E17: btnPelajariNanti_pakar
C18: screenshot
C19: click | E19: btnPelajariNanti_pakar
C20: anchor_go_to_value | G20: END_IF_EXIST
C21: wait_for_seconds | G21: 2
C22: screenshot
C23: for_data_by_sheet | G23: Data Tambah Artikel VP;End Data Tambah Artikel VP
C24: click | E24: btnTambahHalaman_pakar
C25: go_to_value | G25: ='Data Tambah Artikel VP'!$B$1 -> PILIH (Artikel/Virtual Page)
C26: anchor_go_to_value | G26: Artikel
C27: wait_until_web_element_exist | E27: btnArtikelTbhHlm_pakar
C28: screenshot
C29: click | E29: btnArtikelTbhHlm_pakar
C30: set_text | E30: fieldNamaArtikel_pakar | G30: ='Data Tambah Artikel VP'!$C$1 -> NAMA ARTIKEL VP
C31: click | E31: btnLokasiArtikel_pakar
C32: wait_for_seconds | G32: 2
C33: click_lokasi | E33: btnLokasiArtikelLv1_pakar | G33: ='Data Tambah Artikel VP'!$E$1 -> LOKASI ARTIKEL VP
C34: click_replace | E34: rbtnTemplate_pakar | G34: ='Data Tambah Artikel VP'!$F$1 -> REKOMENDASI TEMPLATE
C35: wait_until_web_element_exist | E35: btnTambahArtikel_pakar
C36: screenshot
C37: click | E37: btnTambahArtikel_pakar
C38: go_to_value | G38: End Tambah
C39: anchor_go_to_value | G39: Virtual Page
C40: wait_until_web_element_exist | E40: btnVirtualPageHome_pakar
C41: screenshot
C42: click | E42: btnVirtualPageHome_pakar
C43: set_text | E43: fieldJudulVirtualPage_pakar | G43: ='Data Tambah Artikel VP'!$C$1 -> NAMA ARTIKEL VP
C44: click | E44: btnBentukVirtualPage_pakar
C45: wait_for_seconds | G45: 2
C46: click_replace | E46: btnPilihanBentukVP_pakar | G46: ='Data Tambah Artikel VP'!$D$1 -> BENTUK VIRTUAL PAGE
C47: click | E47: btnLokasiVP_pakar
C48: click_lokasi_vp | E48: btnLokasiVPLv2_pakar | G48: ='Data Tambah Artikel VP'!$E$1 -> LOKASI ARTIKEL VP
C49: click_replace | E49: rbtnTemplate_pakar | G49: ='Data Tambah Artikel VP'!$F$1 -> REKOMENDASI TEMPLATE
C50: wait_until_web_element_exist | E50: btnTambahVP_pakar
C51: wait_for_seconds | G51: 2
C52: screenshot
C53: click | E53: btnTambahVP_pakar
C54: anchor_go_to_value | G54: End Tambah
C55: end_data_for_sheet | G55: End Data Tambah Artikel VP
C56: for_data_by_sheet | G56: Data Tambah Isi Artikel VP;End Data Tambah Isi Artikel VP
C57: set_wp | G57: Deskripsi Singkat
C58: if_null_go_to_value | G58: ='Data Tambah Isi Artikel VP'!$B$1 -> DESKRIPSI SINGKAT
C59: anchor_go_to_value | G59: #Not_Null
C60: wait_until_web_element_exist | E60: txtAreaDeskripsiorKontenVirtualPage_pakar
C61: set_text_area | E61: txtAreaDeskripsiorKontenVirtualPage_pakar | G61: ='Data Tambah Isi Artikel VP'!$B$1 -> DESKRIPSI SINGKAT
C62: screenshot
C63: anchor_go_to_value | G63: #Null
C64: set_wp | G64: Tambah Gambar
C65: if_null_go_to_value | G65: ='Data Tambah Isi Artikel VP'!$C$1 -> PATH FILE GAMBAR
C66: anchor_go_to_value | G66: #Not_Null
C67: wait_until_web_element_exist | E67: fieldGambarArtikel_pakar
C68: scroll_into_element | E68: fieldGambarArtikel_pakar
C69: upload_file | E69: fieldGambarArtikel_pakar | G69: ='Data Tambah Isi Artikel VP'!$C$1 -> PATH FILE GAMBAR
C70: screenshot
C71: anchor_go_to_value | G71: #Null
C72: set_wp | G72: Video Artikel
C73: if_null_go_to_value | G73: ='Data Tambah Isi Artikel VP'!$D$1 -> URL VIDEO
C74: anchor_go_to_value | G74: #Not_Null
C75: wait_until_web_element_exist | E75: fieldVideoArtikel_pakar
C76: scroll_into_element | E76: fieldVideoArtikel_pakar
C77: set_text | E77: fieldVideoArtikel_pakar | G77: ='Data Tambah Isi Artikel VP'!$D$1 -> URL VIDEO
C78: screenshot
C79: anchor_go_to_value | G79: #Null
C80: end_data_for_sheet | G80: End Data Tambah Isi Artikel VP
C81: set_wp | G81: Tambah Ubah Topik
C82: expand_all_accordion | E82: btnAccordionArtikel_pakar
C83: for_data_by_sheet | G83: Data Tambah Topik Artikel VP;End Data Tambah Topik Artikel VP
C84: if_null_go_to_value | G84: ='Data Tambah Topik Artikel VP'!B$1 -> JUDUL PARENT TOPIK
C85: anchor_go_to_value | G85: #Not_Null
C86: scroll_into_element | E86: btnAccordionTopik_pakar | G86: ='Data Tambah Topik Artikel VP'!B$1 -> JUDUL PARENT TOPIK
C87: click_replace | E87: btnTambahTopik_pakar | G87: ='Data Tambah Topik Artikel VP'!B$1 -> JUDUL PARENT TOPIK
C88: screenshot
C89: set_text | E89: txtJudulTopikBaru_pakar | G89: ='Data Tambah Topik Artikel VP'!$C$1 -> JUDUL TOPIK
C90: go_to_value | G90: End Topik Baru
C91: anchor_go_to_value | G91: #Null
C92: scroll_into_element | E92: btnAccordionTopik_pakar | G92: ='Data Tambah Topik Artikel VP'!$C$1 -> JUDUL TOPIK
C93: click_replace | E93: btnPensilTopik_pakar | G93: ='Data Tambah Topik Artikel VP'!$C$1 -> JUDUL TOPIK
C94: wait_until_web_element_exist | E94: txtAreaDeskripsiTopik_pakar
C95: anchor_go_to_value | G95: End Topik Baru
C96: set_text_area | E96: txtAreaDeskripsiTopik_pakar | G96: ='Data Tambah Topik Artikel VP'!$D$1 -> ISI TOPIK
C97: screenshot
C98: go_to_value | G98: ='Data Tambah Topik Artikel VP'!$E$1 -> Simpan (Ya/Tidak)
C99: anchor_go_to_value | G99: Ya
C100: click | E100: btnCardSimpan_pakar
...

Sheet Tambah Ubah Reject Publisher
A1: Testcase | B1: Is_Running | C1: Keyword | D1: Pagename | E1: ObjectName | F1: ObjectType | G1: Value | H1: Application
A2: Login A | B2: Yes | H2: PAKAR
C3: set_specific_wp | G3: Login Super Editor
C4: start_chrome_driver
C5: go_to_url | G5: =Datatable!$R$1 -> URL PAKAR
C6: wait_until_web_element_exist | E6: fieldUserID_pakar
C7: screenshot
C8: set_text | E8: fieldUserID_pakar | G8: =Datatable!$J$1 -> USER ID SUPER EDITOR A
C9: set_text | E9: fieldUserPassword_pakar | G9: =Datatable!$K$1 -> PASSWORD SUPER EDITOR A
C10: screenshot
C11: click | E11: btnSubmitLogin_pakar
C12: debug
A13: Tambah Artikel | B13: Yes | H13: PAKAR
C14: debug
C15: if_exist_go_to_value | E15: btnPelajariNanti_pakar | G15: PELAJARI NANTI
C16: anchor_go_to_value | G16: PELAJARI NANTI
C17: wait_until_web_element_exist | E17: btnPelajariNanti_pakar
C18: screenshot
C19: click | E19: btnPelajariNanti_pakar
C20: anchor_go_to_value | G20: END_IF_EXIST
C21: wait_for_seconds | G21: 2
C22: screenshot
C23: for_data_by_sheet | G23: Data Tambah Artikel VP;End Data Tambah Artikel VP
C24: click | E24: btnTambahHalaman_pakar
C25: go_to_value | G25: ='Data Tambah Artikel VP'!$B$1 -> PILIH (Artikel/Virtual Page)
C26: anchor_go_to_value | G26: Artikel
C27: wait_until_web_element_exist | E27: btnArtikelTbhHlm_pakar
C28: screenshot
C29: click | E29: btnArtikelTbhHlm_pakar
C30: set_text | E30: fieldNamaArtikel_pakar | G30: ='Data Tambah Artikel VP'!$C$1 -> NAMA ARTIKEL VP
C31: click | E31: btnLokasiArtikel_pakar
C32: wait_for_seconds | G32: 2
C33: click_lokasi | E33: btnLokasiArtikelLv1_pakar | G33: ='Data Tambah Artikel VP'!$E$1 -> LOKASI ARTIKEL VP
C34: click_replace | E34: rbtnTemplate_pakar | G34: ='Data Tambah Artikel VP'!$F$1 -> REKOMENDASI TEMPLATE
C35: wait_until_web_element_exist | E35: btnTambahArtikel_pakar
C36: screenshot
C37: click | E37: btnTambahArtikel_pakar
C38: go_to_value | G38: End Tambah
C39: anchor_go_to_value | G39: Virtual Page
C40: wait_until_web_element_exist | E40: btnVirtualPageHome_pakar
C41: screenshot
C42: click | E42: btnVirtualPageHome_pakar
C43: set_text | E43: fieldJudulVirtualPage_pakar | G43: ='Data Tambah Artikel VP'!$C$1 -> NAMA ARTIKEL VP
C44: click | E44: btnBentukVirtualPage_pakar
C45: wait_for_seconds | G45: 2
C46: click_replace | E46: btnPilihanBentukVP_pakar | G46: ='Data Tambah Artikel VP'!$D$1 -> BENTUK VIRTUAL PAGE
C47: click | E47: btnLokasiVP_pakar
C48: click_lokasi_vp | E48: btnLokasiVPLv2_pakar | G48: ='Data Tambah Artikel VP'!$E$1 -> LOKASI ARTIKEL VP
C49: click_replace | E49: rbtnTemplate_pakar | G49: ='Data Tambah Artikel VP'!$F$1 -> REKOMENDASI TEMPLATE
C50: wait_until_web_element_exist | E50: btnTambahVP_pakar
C51: wait_for_seconds | G51: 2
C52: screenshot
C53: click | E53: btnTambahVP_pakar
C54: anchor_go_to_value | G54: End Tambah
C55: end_data_for_sheet | G55: End Data Tambah Artikel VP
C56: for_data_by_sheet | G56: Data Tambah Isi Artikel VP;End Data Tambah Isi Artikel VP
C57: set_wp | G57: Deskripsi Singkat
C58: if_null_go_to_value | G58: ='Data Tambah Isi Artikel VP'!$B$1 -> DESKRIPSI SINGKAT
C59: anchor_go_to_value | G59: #Not_Null
C60: wait_until_web_element_exist | E60: txtAreaDeskripsiorKontenVirtualPage_pakar
C61: set_text_area | E61: txtAreaDeskripsiorKontenVirtualPage_pakar | G61: ='Data Tambah Isi Artikel VP'!$B$1 -> DESKRIPSI SINGKAT
C62: screenshot
C63: anchor_go_to_value | G63: #Null
C64: set_wp | G64: Tambah Gambar
C65: if_null_go_to_value | G65: ='Data Tambah Isi Artikel VP'!$C$1 -> PATH FILE GAMBAR
C66: anchor_go_to_value | G66: #Not_Null
C67: wait_until_web_element_exist | E67: fieldGambarArtikel_pakar
C68: scroll_into_element | E68: fieldGambarArtikel_pakar
C69: upload_file | E69: fieldGambarArtikel_pakar | G69: ='Data Tambah Isi Artikel VP'!$C$1 -> PATH FILE GAMBAR
C70: screenshot
C71: anchor_go_to_value | G71: #Null
C72: set_wp | G72: Video Artikel
C73: if_null_go_to_value | G73: ='Data Tambah Isi Artikel VP'!$D$1 -> URL VIDEO
C74: anchor_go_to_value | G74: #Not_Null
C75: wait_until_web_element_exist | E75: fieldVideoArtikel_pakar
C76: scroll_into_element | E76: fieldVideoArtikel_pakar
C77: set_text | E77: fieldVideoArtikel_pakar | G77: ='Data Tambah Isi Artikel VP'!$D$1 -> URL VIDEO
C78: screenshot
C79: anchor_go_to_value | G79: #Null
C80: end_data_for_sheet | G80: End Data Tambah Isi Artikel VP
C81: set_wp | G81: Tambah Ubah Topik
C82: expand_all_accordion | E82: btnAccordionArtikel_pakar
C83: for_data_by_sheet | G83: Data Tambah Topik Artikel VP;End Data Tambah Topik Artikel VP
C84: if_null_go_to_value | G84: ='Data Tambah Topik Artikel VP'!B$1 -> JUDUL PARENT TOPIK
C85: anchor_go_to_value | G85: #Not_Null
C86: scroll_into_element | E86: btnAccordionTopik_pakar | G86: ='Data Tambah Topik Artikel VP'!B$1 -> JUDUL PARENT TOPIK
C87: click_replace | E87: btnTambahTopik_pakar | G87: ='Data Tambah Topik Artikel VP'!B$1 -> JUDUL PARENT TOPIK
C88: screenshot
C89: set_text | E89: txtJudulTopikBaru_pakar | G89: ='Data Tambah Topik Artikel VP'!$C$1 -> JUDUL TOPIK
C90: go_to_value | G90: End Topik Baru
C91: anchor_go_to_value | G91: #Null
C92: scroll_into_element | E92: btnAccordionTopik_pakar | G92: ='Data Tambah Topik Artikel VP'!$C$1 -> JUDUL TOPIK
C93: click_replace | E93: btnPensilTopik_pakar | G93: ='Data Tambah Topik Artikel VP'!$C$1 -> JUDUL TOPIK
C94: wait_until_web_element_exist | E94: txtAreaDeskripsiTopik_pakar
C95: anchor_go_to_value | G95: End Topik Baru
C96: set_text_area | E96: txtAreaDeskripsiTopik_pakar | G96: ='Data Tambah Topik Artikel VP'!$D$1 -> ISI TOPIK
C97: screenshot
C98: go_to_value | G98: ='Data Tambah Topik Artikel VP'!$E$1 -> Simpan (Ya/Tidak)
C99: anchor_go_to_value | G99: Ya
C100: click | E100: btnCardSimpan_pakar
...

Sheet Ubah Approved Super Editor
A1: Testcase | B1: Is_Running | C1: Keyword | D1: Pagename | E1: ObjectName | F1: ObjectType | G1: Value | H1: Application
A2: Login A | B2: Yes | H2: PAKAR
C3: set_specific_wp | G3: Login Super Editor
C4: start_chrome_driver
C5: go_to_url | G5: =Datatable!$R$1 -> URL PAKAR
C6: wait_until_web_element_exist | E6: fieldUserID_pakar
C7: screenshot
C8: set_text | E8: fieldUserID_pakar | G8: =Datatable!$J$1 -> USER ID SUPER EDITOR A
C9: set_text | E9: fieldUserPassword_pakar | G9: =Datatable!$K$1 -> PASSWORD SUPER EDITOR A
C10: screenshot
C11: click | E11: btnSubmitLogin_pakar
C12: debug
A13: Akses Artikel Main Search | B13: Yes | H13: PAKAR
C14: for_data_by_sheet | G14: Data Akses Artikel;End Data Akses Artikel
C15: wait_for_seconds | G15: 1
C16: set_text | E16: fieldCariDi_pakar | G16: ='Data Akses Artikel'!$J$1 -> NAMA ARTIKEL (Didalam Folder pisahkan ;)
C17: wait_for_seconds | G17: 1
C18: screenshot
C19: hover_to_element | E19: btnSearch_pakar
C20: click | E20: btnSearch_pakar
C21: wait_until_web_element_exist | E21: txtHasilPencarian_pakar
C22: screenshot
C23: hover_and_click_replace | E23: txtSearchJudul_pakar | G23: ='Data Akses Artikel'!$J$1 -> NAMA ARTIKEL (Didalam Folder pisahkan ;)
C24: wait_until_web_element_exist | E24: cardFeedback_pakar
C25: wait_for_seconds | G25: 1
C26: screenshot
C27: end_data_for_sheet | G27: End Data Akses Artikel
A28: Edit Artikel VP | B28: Yes | H28: PAKAR
C29: set_wp | G29: Akses Edit Halaman Artikel VP
C30: for_data_by_sheet | G30: Data Edit Isi Artikel VP;End Data Edit Isi Artikel VP
C31: expand_all_accordion | E31: btnAccordionArtikel_pakar
C32: hover_to_element_replace | E32: btnPensilAllHalArtikel_pakar | G32: ='Data Edit Isi Artikel VP'!$B$1 -> NAMA ARTIKEL/ACCORDION EDIT
C33: click_replace | E33: btnPensilAllHalArtikel_pakar | G33: ='Data Edit Isi Artikel VP'!$B$1 -> NAMA ARTIKEL/ACCORDION EDIT
C34: click_if_exist | E34: btnModalUbah_pakar
C35: wait_until_web_element_exist | E35: btnSimpanDanKirimTopBar_pakar
C36: wait_for_seconds | G36: 1
C37: screenshot
C38: set_wp | G38: Tambah Judul
C39: if_null_go_to_value | G39: ='Data Edit Isi Artikel VP'!$C$1 -> EDIT JUDUL ARTIKEL
C40: anchor_go_to_value | G40: #Not_Null
C41: wait_until_web_element_exist | E41: fieldJudulArtikelVirtualPage_pakar
C42: set_text | E42: fieldJudulArtikelVirtualPage_pakar | G42: ='Data Edit Isi Artikel VP'!$C$1 -> EDIT JUDUL ARTIKEL
C43: screenshot
C44: anchor_go_to_value | G44: #Null
C45: set_wp | G45: Deskripsi Singkat
C46: if_null_go_to_value | G46: ='Data Edit Isi Artikel VP'!$D$1 -> DESKRIPSI SINGKAT
C47: anchor_go_to_value | G47: #Not_Null
C48: wait_until_web_element_exist | E48: txtAreaDeskripsiorKontenVirtualPage_pakar
C49: set_text_area | E49: txtAreaDeskripsiorKontenVirtualPage_pakar | G49: ='Data Edit Isi Artikel VP'!$D$1 -> DESKRIPSI SINGKAT
C50: screenshot
C51: anchor_go_to_value | G51: #Null
C52: set_wp | G52: Tambah Gambar
C53: if_null_go_to_value | G53: ='Data Edit Isi Artikel VP'!$E$1 -> PATH FILE GAMBAR
C54: anchor_go_to_value | G54: #Not_Null
C55: wait_until_web_element_exist | E55: fieldGambarArtikel_pakar
C56: scroll_into_element | E56: fieldGambarArtikel_pakar
C57: upload_file | E57: fieldGambarArtikel_pakar | G57: ='Data Edit Isi Artikel VP'!$E$1 -> PATH FILE GAMBAR
C58: screenshot
C59: anchor_go_to_value | G59: #Null
C60: set_wp | G60: Video Artikel
C61: if_null_go_to_value | G61: ='Data Edit Isi Artikel VP'!$F$1 -> URL VIDEO
C62: anchor_go_to_value | G62: #Not_Null
C63: wait_until_web_element_exist | E63: fieldVideoArtikel_pakar
C64: scroll_into_element | E64: fieldVideoArtikel_pakar
C65: set_text | E65: fieldVideoArtikel_pakar | G65: ='Data Edit Isi Artikel VP'!$F$1 -> URL VIDEO
C66: screenshot
C67: anchor_go_to_value | G67: #Null
C68: end_data_for_sheet | G68: End Data Edit Isi Artikel VP
C69: set_wp | G69: Tambah Ubah Topik
C70: expand_all_accordion | E70: btnAccordionArtikel_pakar
C71: for_data_by_sheet | G71: Data Tambah Topik Artikel VP;End Data Tambah Topik Artikel VP
C72: if_null_go_to_value | G72: ='Data Tambah Topik Artikel VP'!B$1 -> JUDUL PARENT TOPIK
C73: anchor_go_to_value | G73: #Not_Null
C74: scroll_into_element | E74: btnAccordionTopik_pakar | G74: ='Data Tambah Topik Artikel VP'!B$1 -> JUDUL PARENT TOPIK
C75: click_replace | E75: btnTambahTopik_pakar | G75: ='Data Tambah Topik Artikel VP'!B$1 -> JUDUL PARENT TOPIK
C76: screenshot
C77: set_text | E77: txtJudulTopikBaru_pakar | G77: ='Data Tambah Topik Artikel VP'!$C$1 -> JUDUL TOPIK
C78: go_to_value | G78: End Topik Baru
C79: anchor_go_to_value | G79: #Null
C80: scroll_into_element | E80: btnAccordionTopik_pakar | G80: ='Data Tambah Topik Artikel VP'!$C$1 -> JUDUL TOPIK
C81: click_replace | E81: btnPensilTopik_pakar | G81: ='Data Tambah Topik Artikel VP'!$C$1 -> JUDUL TOPIK
C82: wait_until_web_element_exist | E82: txtAreaDeskripsiTopik_pakar
C83: anchor_go_to_value | G83: End Topik Baru
C84: set_text_area | E84: txtAreaDeskripsiTopik_pakar | G84: ='Data Tambah Topik Artikel VP'!$D$1 -> ISI TOPIK
C85: screenshot
C86: go_to_value | G86: ='Data Tambah Topik Artikel VP'!$E$1 -> Simpan (Ya/Tidak)
C87: anchor_go_to_value | G87: Ya
C88: click | E88: btnCardSimpan_pakar
C89: go_to_value | G89: End Topik
C90: anchor_go_to_value | G90: Tidak
C91: click | E91: btnCardBatal_pakar
C92: anchor_go_to_value | G92: End Topik
C93: end_data_for_sheet | G93: End Data Tambah Topik Artikel VP
C94: screenshot_full_part
C95: set_wp | G95: SK SE Referensi
C96: for_data_by_sheet | G96: Data Edit Isi Artikel VP;End Data Edit Isi Artikel VP
C97: if_null_go_to_value | G97: ='Data Edit Isi Artikel VP'!$G$1 -> SK/SE REFERENSI
C98: anchor_go_to_value | G98: #Not_Null
C99: scroll_into_element | E99: labelSKSEReferensi_pakar
C100: screenshot
...

Sheet Ubah Reject Super Editor
A1: Testcase | B1: Is_Running | C1: Keyword | D1: Pagename | E1: ObjectName | F1: ObjectType | G1: Value | H1: Application
A2: Login A | B2: Yes | H2: PAKAR
C3: set_specific_wp | G3: Login Super Editor
C4: start_chrome_driver
C5: go_to_url | G5: =Datatable!$R$1 -> URL PAKAR
C6: wait_until_web_element_exist | E6: fieldUserID_pakar
C7: screenshot
C8: set_text | E8: fieldUserID_pakar | G8: =Datatable!$J$1 -> USER ID SUPER EDITOR A
C9: set_text | E9: fieldUserPassword_pakar | G9: =Datatable!$K$1 -> PASSWORD SUPER EDITOR A
C10: screenshot
C11: click | E11: btnSubmitLogin_pakar
C12: debug
A13: Akses Artikel Main Search | B13: Yes | H13: PAKAR
C14: for_data_by_sheet | G14: Data Akses Artikel;End Data Akses Artikel
C15: wait_for_seconds | G15: 1
C16: set_text | E16: fieldCariDi_pakar | G16: ='Data Akses Artikel'!$J$1 -> NAMA ARTIKEL (Didalam Folder pisahkan ;)
C17: wait_for_seconds | G17: 1
C18: screenshot
C19: hover_to_element | E19: btnSearch_pakar
C20: click | E20: btnSearch_pakar
C21: wait_until_web_element_exist | E21: txtHasilPencarian_pakar
C22: screenshot
C23: hover_and_click_replace | E23: txtSearchJudul_pakar | G23: ='Data Akses Artikel'!$J$1 -> NAMA ARTIKEL (Didalam Folder pisahkan ;)
C24: wait_until_web_element_exist | E24: cardFeedback_pakar
C25: wait_for_seconds | G25: 1
C26: screenshot
C27: end_data_for_sheet | G27: End Data Akses Artikel
A28: Edit Artikel VP | B28: Yes | H28: PAKAR
C29: set_wp | G29: Akses Edit Halaman Artikel VP
C30: for_data_by_sheet | G30: Data Edit Isi Artikel VP;End Data Edit Isi Artikel VP
C31: expand_all_accordion | E31: btnAccordionArtikel_pakar
C32: hover_to_element_replace | E32: btnPensilAllHalArtikel_pakar | G32: ='Data Edit Isi Artikel VP'!$B$1 -> NAMA ARTIKEL/ACCORDION EDIT
C33: click_replace | E33: btnPensilAllHalArtikel_pakar | G33: ='Data Edit Isi Artikel VP'!$B$1 -> NAMA ARTIKEL/ACCORDION EDIT
C34: click_if_exist | E34: btnModalUbah_pakar
C35: wait_until_web_element_exist | E35: btnSimpanDanKirimTopBar_pakar
C36: wait_for_seconds | G36: 1
C37: screenshot
C38: set_wp | G38: Tambah Judul
C39: if_null_go_to_value | G39: ='Data Edit Isi Artikel VP'!$C$1 -> EDIT JUDUL ARTIKEL
C40: anchor_go_to_value | G40: #Not_Null
C41: wait_until_web_element_exist | E41: fieldJudulArtikelVirtualPage_pakar
C42: set_text | E42: fieldJudulArtikelVirtualPage_pakar | G42: ='Data Edit Isi Artikel VP'!$C$1 -> EDIT JUDUL ARTIKEL
C43: screenshot
C44: anchor_go_to_value | G44: #Null
C45: set_wp | G45: Deskripsi Singkat
C46: if_null_go_to_value | G46: ='Data Edit Isi Artikel VP'!$D$1 -> DESKRIPSI SINGKAT
C47: anchor_go_to_value | G47: #Not_Null
C48: wait_until_web_element_exist | E48: txtAreaDeskripsiorKontenVirtualPage_pakar
C49: set_text_area | E49: txtAreaDeskripsiorKontenVirtualPage_pakar | G49: ='Data Edit Isi Artikel VP'!$D$1 -> DESKRIPSI SINGKAT
C50: screenshot
C51: anchor_go_to_value | G51: #Null
C52: set_wp | G52: Tambah Gambar
C53: if_null_go_to_value | G53: ='Data Edit Isi Artikel VP'!$E$1 -> PATH FILE GAMBAR
C54: anchor_go_to_value | G54: #Not_Null
C55: wait_until_web_element_exist | E55: fieldGambarArtikel_pakar
C56: scroll_into_element | E56: fieldGambarArtikel_pakar
C57: upload_file | E57: fieldGambarArtikel_pakar | G57: ='Data Edit Isi Artikel VP'!$E$1 -> PATH FILE GAMBAR
C58: screenshot
C59: anchor_go_to_value | G59: #Null
C60: set_wp | G60: Video Artikel
C61: if_null_go_to_value | G61: ='Data Edit Isi Artikel VP'!$F$1 -> URL VIDEO
C62: anchor_go_to_value | G62: #Not_Null
C63: wait_until_web_element_exist | E63: fieldVideoArtikel_pakar
C64: scroll_into_element | E64: fieldVideoArtikel_pakar
C65: set_text | E65: fieldVideoArtikel_pakar | G65: ='Data Edit Isi Artikel VP'!$F$1 -> URL VIDEO
C66: screenshot
C67: anchor_go_to_value | G67: #Null
C68: end_data_for_sheet | G68: End Data Edit Isi Artikel VP
C69: set_wp | G69: Tambah Ubah Topik
C70: expand_all_accordion | E70: btnAccordionArtikel_pakar
C71: for_data_by_sheet | G71: Data Tambah Topik Artikel VP;End Data Tambah Topik Artikel VP
C72: if_null_go_to_value | G72: ='Data Tambah Topik Artikel VP'!B$1 -> JUDUL PARENT TOPIK
C73: anchor_go_to_value | G73: #Not_Null
C74: scroll_into_element | E74: btnAccordionTopik_pakar | G74: ='Data Tambah Topik Artikel VP'!B$1 -> JUDUL PARENT TOPIK
C75: click_replace | E75: btnTambahTopik_pakar | G75: ='Data Tambah Topik Artikel VP'!B$1 -> JUDUL PARENT TOPIK
C76: screenshot
C77: set_text | E77: txtJudulTopikBaru_pakar | G77: ='Data Tambah Topik Artikel VP'!$C$1 -> JUDUL TOPIK
C78: go_to_value | G78: End Topik Baru
C79: anchor_go_to_value | G79: #Null
C80: scroll_into_element | E80: btnAccordionTopik_pakar | G80: ='Data Tambah Topik Artikel VP'!$C$1 -> JUDUL TOPIK
C81: click_replace | E81: btnPensilTopik_pakar | G81: ='Data Tambah Topik Artikel VP'!$C$1 -> JUDUL TOPIK
C82: wait_until_web_element_exist | E82: txtAreaDeskripsiTopik_pakar
C83: anchor_go_to_value | G83: End Topik Baru
C84: set_text_area | E84: txtAreaDeskripsiTopik_pakar | G84: ='Data Tambah Topik Artikel VP'!$D$1 -> ISI TOPIK
C85: screenshot
C86: go_to_value | G86: ='Data Tambah Topik Artikel VP'!$E$1 -> Simpan (Ya/Tidak)
C87: anchor_go_to_value | G87: Ya
C88: click | E88: btnCardSimpan_pakar
C89: go_to_value | G89: End Topik
C90: anchor_go_to_value | G90: Tidak
C91: click | E91: btnCardBatal_pakar
C92: anchor_go_to_value | G92: End Topik
C93: end_data_for_sheet | G93: End Data Tambah Topik Artikel VP
C94: screenshot_full_part
C95: set_wp | G95: SK SE Referensi
C96: for_data_by_sheet | G96: Data Edit Isi Artikel VP;End Data Edit Isi Artikel VP
C97: if_null_go_to_value | G97: ='Data Edit Isi Artikel VP'!$G$1 -> SK/SE REFERENSI
C98: anchor_go_to_value | G98: #Not_Null
C99: scroll_into_element | E99: labelSKSEReferensi_pakar
C100: screenshot
...

Sheet Ubah Approved Publisher
A1: Testcase | B1: Is_Running | C1: Keyword | D1: Pagename | E1: ObjectName | F1: ObjectType | G1: Value | H1: Application
A2: Login A | B2: Yes | H2: PAKAR
C3: set_specific_wp | G3: Login Super Editor
C4: start_chrome_driver
C5: go_to_url | G5: =Datatable!$R$1 -> URL PAKAR
C6: wait_until_web_element_exist | E6: fieldUserID_pakar
C7: screenshot
C8: set_text | E8: fieldUserID_pakar | G8: =Datatable!$J$1 -> USER ID SUPER EDITOR A
C9: set_text | E9: fieldUserPassword_pakar | G9: =Datatable!$K$1 -> PASSWORD SUPER EDITOR A
C10: screenshot
C11: click | E11: btnSubmitLogin_pakar
C12: debug
A13: Akses Artikel Main Search | B13: Yes | H13: PAKAR
C14: for_data_by_sheet | G14: Data Akses Artikel;End Data Akses Artikel
C15: wait_for_seconds | G15: 1
C16: set_text | E16: fieldCariDi_pakar | G16: ='Data Akses Artikel'!$J$1 -> NAMA ARTIKEL (Didalam Folder pisahkan ;)
C17: wait_for_seconds | G17: 1
C18: screenshot
C19: hover_to_element | E19: btnSearch_pakar
C20: click | E20: btnSearch_pakar
C21: wait_until_web_element_exist | E21: txtHasilPencarian_pakar
C22: screenshot
C23: hover_and_click_replace | E23: txtSearchJudul_pakar | G23: ='Data Akses Artikel'!$J$1 -> NAMA ARTIKEL (Didalam Folder pisahkan ;)
C24: wait_until_web_element_exist | E24: cardFeedback_pakar
C25: wait_for_seconds | G25: 1
C26: screenshot
C27: end_data_for_sheet | G27: End Data Akses Artikel
A28: Edit Artikel VP | B28: Yes | H28: PAKAR
C29: set_wp | G29: Akses Edit Halaman Artikel VP
C30: for_data_by_sheet | G30: Data Edit Isi Artikel VP;End Data Edit Isi Artikel VP
C31: expand_all_accordion | E31: btnAccordionArtikel_pakar
C32: hover_to_element_replace | E32: btnPensilAllHalArtikel_pakar | G32: ='Data Edit Isi Artikel VP'!$B$1 -> NAMA ARTIKEL/ACCORDION EDIT
C33: click_replace | E33: btnPensilAllHalArtikel_pakar | G33: ='Data Edit Isi Artikel VP'!$B$1 -> NAMA ARTIKEL/ACCORDION EDIT
C34: click_if_exist | E34: btnModalUbah_pakar
C35: wait_until_web_element_exist | E35: btnSimpanDanKirimTopBar_pakar
C36: wait_for_seconds | G36: 1
C37: screenshot
C38: set_wp | G38: Tambah Judul
C39: if_null_go_to_value | G39: ='Data Edit Isi Artikel VP'!$C$1 -> EDIT JUDUL ARTIKEL
C40: anchor_go_to_value | G40: #Not_Null
C41: wait_until_web_element_exist | E41: fieldJudulArtikelVirtualPage_pakar
C42: set_text | E42: fieldJudulArtikelVirtualPage_pakar | G42: ='Data Edit Isi Artikel VP'!$C$1 -> EDIT JUDUL ARTIKEL
C43: screenshot
C44: anchor_go_to_value | G44: #Null
C45: set_wp | G45: Deskripsi Singkat
C46: if_null_go_to_value | G46: ='Data Edit Isi Artikel VP'!$D$1 -> DESKRIPSI SINGKAT
C47: anchor_go_to_value | G47: #Not_Null
C48: wait_until_web_element_exist | E48: txtAreaDeskripsiorKontenVirtualPage_pakar
C49: set_text_area | E49: txtAreaDeskripsiorKontenVirtualPage_pakar | G49: ='Data Edit Isi Artikel VP'!$D$1 -> DESKRIPSI SINGKAT
C50: screenshot
C51: anchor_go_to_value | G51: #Null
C52: set_wp | G52: Tambah Gambar
C53: if_null_go_to_value | G53: ='Data Edit Isi Artikel VP'!$E$1 -> PATH FILE GAMBAR
C54: anchor_go_to_value | G54: #Not_Null
C55: wait_until_web_element_exist | E55: fieldGambarArtikel_pakar
C56: scroll_into_element | E56: fieldGambarArtikel_pakar
C57: upload_file | E57: fieldGambarArtikel_pakar | G57: ='Data Edit Isi Artikel VP'!$E$1 -> PATH FILE GAMBAR
C58: screenshot
C59: anchor_go_to_value | G59: #Null
C60: set_wp | G60: Video Artikel
C61: if_null_go_to_value | G61: ='Data Edit Isi Artikel VP'!$F$1 -> URL VIDEO
C62: anchor_go_to_value | G62: #Not_Null
C63: wait_until_web_element_exist | E63: fieldVideoArtikel_pakar
C64: scroll_into_element | E64: fieldVideoArtikel_pakar
C65: set_text | E65: fieldVideoArtikel_pakar | G65: ='Data Edit Isi Artikel VP'!$F$1 -> URL VIDEO
C66: screenshot
C67: anchor_go_to_value | G67: #Null
C68: end_data_for_sheet | G68: End Data Edit Isi Artikel VP
C69: set_wp | G69: Tambah Ubah Topik
C70: expand_all_accordion | E70: btnAccordionArtikel_pakar
C71: for_data_by_sheet | G71: Data Tambah Topik Artikel VP;End Data Tambah Topik Artikel VP
C72: if_null_go_to_value | G72: ='Data Tambah Topik Artikel VP'!B$1 -> JUDUL PARENT TOPIK
C73: anchor_go_to_value | G73: #Not_Null
C74: scroll_into_element | E74: btnAccordionTopik_pakar | G74: ='Data Tambah Topik Artikel VP'!B$1 -> JUDUL PARENT TOPIK
C75: click_replace | E75: btnTambahTopik_pakar | G75: ='Data Tambah Topik Artikel VP'!B$1 -> JUDUL PARENT TOPIK
C76: screenshot
C77: set_text | E77: txtJudulTopikBaru_pakar | G77: ='Data Tambah Topik Artikel VP'!$C$1 -> JUDUL TOPIK
C78: go_to_value | G78: End Topik Baru
C79: anchor_go_to_value | G79: #Null
C80: scroll_into_element | E80: btnAccordionTopik_pakar | G80: ='Data Tambah Topik Artikel VP'!$C$1 -> JUDUL TOPIK
C81: click_replace | E81: btnPensilTopik_pakar | G81: ='Data Tambah Topik Artikel VP'!$C$1 -> JUDUL TOPIK
C82: wait_until_web_element_exist | E82: txtAreaDeskripsiTopik_pakar
C83: anchor_go_to_value | G83: End Topik Baru
C84: set_text_area | E84: txtAreaDeskripsiTopik_pakar | G84: ='Data Tambah Topik Artikel VP'!$D$1 -> ISI TOPIK
C85: screenshot
C86: go_to_value | G86: ='Data Tambah Topik Artikel VP'!$E$1 -> Simpan (Ya/Tidak)
C87: anchor_go_to_value | G87: Ya
C88: click | E88: btnCardSimpan_pakar
C89: go_to_value | G89: End Topik
C90: anchor_go_to_value | G90: Tidak
C91: click | E91: btnCardBatal_pakar
C92: anchor_go_to_value | G92: End Topik
C93: end_data_for_sheet | G93: End Data Tambah Topik Artikel VP
C94: screenshot_full_part
C95: set_wp | G95: SK SE Referensi
C96: for_data_by_sheet | G96: Data Edit Isi Artikel VP;End Data Edit Isi Artikel VP
C97: if_null_go_to_value | G97: ='Data Edit Isi Artikel VP'!$G$1 -> SK/SE REFERENSI
C98: anchor_go_to_value | G98: #Not_Null
C99: scroll_into_element | E99: labelSKSEReferensi_pakar
C100: screenshot
...

Sheet Ubah Reject Publisher
A1: Testcase | B1: Is_Running | C1: Keyword | D1: Pagename | E1: ObjectName | F1: ObjectType | G1: Value | H1: Application
A2: Login A | B2: Yes | H2: PAKAR
C3: set_specific_wp | G3: Login Super Editor
C4: start_chrome_driver
C5: go_to_url | G5: =Datatable!$R$1 -> URL PAKAR
C6: wait_until_web_element_exist | E6: fieldUserID_pakar
C7: screenshot
C8: set_text | E8: fieldUserID_pakar | G8: =Datatable!$J$1 -> USER ID SUPER EDITOR A
C9: set_text | E9: fieldUserPassword_pakar | G9: =Datatable!$K$1 -> PASSWORD SUPER EDITOR A
C10: screenshot
C11: click | E11: btnSubmitLogin_pakar
C12: debug
A13: Akses Artikel Main Search | B13: Yes | H13: PAKAR
C14: for_data_by_sheet | G14: Data Akses Artikel;End Data Akses Artikel
C15: wait_for_seconds | G15: 1
C16: set_text | E16: fieldCariDi_pakar | G16: ='Data Akses Artikel'!$J$1 -> NAMA ARTIKEL (Didalam Folder pisahkan ;)
C17: wait_for_seconds | G17: 1
C18: screenshot
C19: hover_to_element | E19: btnSearch_pakar
C20: click | E20: btnSearch_pakar
C21: wait_until_web_element_exist | E21: txtHasilPencarian_pakar
C22: screenshot
C23: hover_and_click_replace | E23: txtSearchJudul_pakar | G23: ='Data Akses Artikel'!$J$1 -> NAMA ARTIKEL (Didalam Folder pisahkan ;)
C24: wait_until_web_element_exist | E24: cardFeedback_pakar
C25: wait_for_seconds | G25: 1
C26: screenshot
C27: end_data_for_sheet | G27: End Data Akses Artikel
A28: Edit Artikel VP | B28: Yes | H28: PAKAR
C29: set_wp | G29: Akses Edit Halaman Artikel VP
C30: for_data_by_sheet | G30: Data Edit Isi Artikel VP;End Data Edit Isi Artikel VP
C31: expand_all_accordion | E31: btnAccordionArtikel_pakar
C32: hover_to_element_replace | E32: btnPensilAllHalArtikel_pakar | G32: ='Data Edit Isi Artikel VP'!$B$1 -> NAMA ARTIKEL/ACCORDION EDIT
C33: click_replace | E33: btnPensilAllHalArtikel_pakar | G33: ='Data Edit Isi Artikel VP'!$B$1 -> NAMA ARTIKEL/ACCORDION EDIT
C34: click_if_exist | E34: btnModalUbah_pakar
C35: wait_until_web_element_exist | E35: btnSimpanDanKirimTopBar_pakar
C36: wait_for_seconds | G36: 1
C37: screenshot
C38: set_wp | G38: Tambah Judul
C39: if_null_go_to_value | G39: ='Data Edit Isi Artikel VP'!$C$1 -> EDIT JUDUL ARTIKEL
C40: anchor_go_to_value | G40: #Not_Null
C41: wait_until_web_element_exist | E41: fieldJudulArtikelVirtualPage_pakar
C42: set_text | E42: fieldJudulArtikelVirtualPage_pakar | G42: ='Data Edit Isi Artikel VP'!$C$1 -> EDIT JUDUL ARTIKEL
C43: screenshot
C44: anchor_go_to_value | G44: #Null
C45: set_wp | G45: Deskripsi Singkat
C46: if_null_go_to_value | G46: ='Data Edit Isi Artikel VP'!$D$1 -> DESKRIPSI SINGKAT
C47: anchor_go_to_value | G47: #Not_Null
C48: wait_until_web_element_exist | E48: txtAreaDeskripsiorKontenVirtualPage_pakar
C49: set_text_area | E49: txtAreaDeskripsiorKontenVirtualPage_pakar | G49: ='Data Edit Isi Artikel VP'!$D$1 -> DESKRIPSI SINGKAT
C50: screenshot
C51: anchor_go_to_value | G51: #Null
C52: set_wp | G52: Tambah Gambar
C53: if_null_go_to_value | G53: ='Data Edit Isi Artikel VP'!$E$1 -> PATH FILE GAMBAR
C54: anchor_go_to_value | G54: #Not_Null
C55: wait_until_web_element_exist | E55: fieldGambarArtikel_pakar
C56: scroll_into_element | E56: fieldGambarArtikel_pakar
C57: upload_file | E57: fieldGambarArtikel_pakar | G57: ='Data Edit Isi Artikel VP'!$E$1 -> PATH FILE GAMBAR
C58: screenshot
C59: anchor_go_to_value | G59: #Null
C60: set_wp | G60: Video Artikel
C61: if_null_go_to_value | G61: ='Data Edit Isi Artikel VP'!$F$1 -> URL VIDEO
C62: anchor_go_to_value | G62: #Not_Null
C63: wait_until_web_element_exist | E63: fieldVideoArtikel_pakar
C64: scroll_into_element | E64: fieldVideoArtikel_pakar
C65: set_text | E65: fieldVideoArtikel_pakar | G65: ='Data Edit Isi Artikel VP'!$F$1 -> URL VIDEO
C66: screenshot
C67: anchor_go_to_value | G67: #Null
C68: end_data_for_sheet | G68: End Data Edit Isi Artikel VP
C69: set_wp | G69: Tambah Ubah Topik
C70: expand_all_accordion | E70: btnAccordionArtikel_pakar
C71: for_data_by_sheet | G71: Data Tambah Topik Artikel VP;End Data Tambah Topik Artikel VP
C72: if_null_go_to_value | G72: ='Data Tambah Topik Artikel VP'!B$1 -> JUDUL PARENT TOPIK
C73: anchor_go_to_value | G73: #Not_Null
C74: scroll_into_element | E74: btnAccordionTopik_pakar | G74: ='Data Tambah Topik Artikel VP'!B$1 -> JUDUL PARENT TOPIK
C75: click_replace | E75: btnTambahTopik_pakar | G75: ='Data Tambah Topik Artikel VP'!B$1 -> JUDUL PARENT TOPIK
C76: screenshot
C77: set_text | E77: txtJudulTopikBaru_pakar | G77: ='Data Tambah Topik Artikel VP'!$C$1 -> JUDUL TOPIK
C78: go_to_value | G78: End Topik Baru
C79: anchor_go_to_value | G79: #Null
C80: scroll_into_element | E80: btnAccordionTopik_pakar | G80: ='Data Tambah Topik Artikel VP'!$C$1 -> JUDUL TOPIK
C81: click_replace | E81: btnPensilTopik_pakar | G81: ='Data Tambah Topik Artikel VP'!$C$1 -> JUDUL TOPIK
C82: wait_until_web_element_exist | E82: txtAreaDeskripsiTopik_pakar
C83: anchor_go_to_value | G83: End Topik Baru
C84: set_text_area | E84: txtAreaDeskripsiTopik_pakar | G84: ='Data Tambah Topik Artikel VP'!$D$1 -> ISI TOPIK
C85: screenshot
C86: go_to_value | G86: ='Data Tambah Topik Artikel VP'!$E$1 -> Simpan (Ya/Tidak)
C87: anchor_go_to_value | G87: Ya
C88: click | E88: btnCardSimpan_pakar
C89: go_to_value | G89: End Topik
C90: anchor_go_to_value | G90: Tidak
C91: click | E91: btnCardBatal_pakar
C92: anchor_go_to_value | G92: End Topik
C93: end_data_for_sheet | G93: End Data Tambah Topik Artikel VP
C94: screenshot_full_part
C95: set_wp | G95: SK SE Referensi
C96: for_data_by_sheet | G96: Data Edit Isi Artikel VP;End Data Edit Isi Artikel VP
C97: if_null_go_to_value | G97: ='Data Edit Isi Artikel VP'!$G$1 -> SK/SE REFERENSI
C98: anchor_go_to_value | G98: #Not_Null
C99: scroll_into_element | E99: labelSKSEReferensi_pakar
C100: screenshot
...

Sheet Ubah Negatif Approve SuperEdito
A1: Testcase | B1: Is_Running | C1: Keyword | D1: Pagename | E1: ObjectName | F1: ObjectType | G1: Value | H1: Application
A2: Login A | B2: Yes | H2: PAKAR
C3: set_specific_wp | G3: Login Super Editor
C4: start_chrome_driver
C5: go_to_url | G5: =Datatable!$R$1 -> URL PAKAR
C6: wait_until_web_element_exist | E6: fieldUserID_pakar
C7: screenshot
C8: set_text | E8: fieldUserID_pakar | G8: =Datatable!$J$1 -> USER ID SUPER EDITOR A
C9: set_text | E9: fieldUserPassword_pakar | G9: =Datatable!$K$1 -> PASSWORD SUPER EDITOR A
C10: screenshot
C11: click | E11: btnSubmitLogin_pakar
C12: debug
A13: Akses Artikel Main Search | B13: Yes | H13: PAKAR
C14: for_data_by_sheet | G14: Data Akses Artikel;End Data Akses Artikel
C15: wait_for_seconds | G15: 1
C16: set_text | E16: fieldCariDi_pakar | G16: ='Data Akses Artikel'!$J$1 -> NAMA ARTIKEL (Didalam Folder pisahkan ;)
C17: wait_for_seconds | G17: 1
C18: screenshot
C19: hover_to_element | E19: btnSearch_pakar
C20: click | E20: btnSearch_pakar
C21: wait_until_web_element_exist | E21: txtHasilPencarian_pakar
C22: screenshot
C23: hover_and_click_replace | E23: txtSearchJudul_pakar | G23: ='Data Akses Artikel'!$J$1 -> NAMA ARTIKEL (Didalam Folder pisahkan ;)
C24: wait_until_web_element_exist | E24: cardFeedback_pakar
C25: wait_for_seconds | G25: 1
C26: screenshot
C27: end_data_for_sheet | G27: End Data Akses Artikel
A28: Edit Artikel VP | B28: Yes | H28: PAKAR
C29: set_wp | G29: Akses Edit Halaman Artikel VP
C30: for_data_by_sheet | G30: Data Edit Isi Artikel VP;End Data Edit Isi Artikel VP
C31: expand_all_accordion | E31: btnAccordionArtikel_pakar
C32: hover_to_element_replace | E32: btnPensilAllHalArtikel_pakar | G32: ='Data Edit Isi Artikel VP'!$B$1 -> NAMA ARTIKEL/ACCORDION EDIT
C33: click_replace | E33: btnPensilAllHalArtikel_pakar | G33: ='Data Edit Isi Artikel VP'!$B$1 -> NAMA ARTIKEL/ACCORDION EDIT
C34: click_if_exist | E34: btnModalUbah_pakar
C35: wait_until_web_element_exist | E35: btnSimpanDanKirimTopBar_pakar
C36: wait_for_seconds | G36: 1
C37: screenshot
C38: set_wp | G38: Tambah Judul
C39: if_null_go_to_value | G39: ='Data Edit Isi Artikel VP'!$C$1 -> EDIT JUDUL ARTIKEL
C40: anchor_go_to_value | G40: #Not_Null
C41: wait_until_web_element_exist | E41: fieldJudulArtikelVirtualPage_pakar
C42: set_text | E42: fieldJudulArtikelVirtualPage_pakar | G42: ='Data Edit Isi Artikel VP'!$C$1 -> EDIT JUDUL ARTIKEL
C43: screenshot
C44: anchor_go_to_value | G44: #Null
C45: set_wp | G45: Deskripsi Singkat
C46: if_null_go_to_value | G46: ='Data Edit Isi Artikel VP'!$D$1 -> DESKRIPSI SINGKAT
C47: anchor_go_to_value | G47: #Not_Null
C48: wait_until_web_element_exist | E48: txtAreaDeskripsiorKontenVirtualPage_pakar
C49: set_text_area | E49: txtAreaDeskripsiorKontenVirtualPage_pakar | G49: ='Data Edit Isi Artikel VP'!$D$1 -> DESKRIPSI SINGKAT
C50: screenshot
C51: anchor_go_to_value | G51: #Null
C52: set_wp | G52: Tambah Gambar
C53: if_null_go_to_value | G53: ='Data Edit Isi Artikel VP'!$E$1 -> PATH FILE GAMBAR
C54: anchor_go_to_value | G54: #Not_Null
C55: wait_until_web_element_exist | E55: fieldGambarArtikel_pakar
C56: scroll_into_element | E56: fieldGambarArtikel_pakar
C57: upload_file | E57: fieldGambarArtikel_pakar | G57: ='Data Edit Isi Artikel VP'!$E$1 -> PATH FILE GAMBAR
C58: screenshot
C59: anchor_go_to_value | G59: #Null
C60: set_wp | G60: Video Artikel
C61: if_null_go_to_value | G61: ='Data Edit Isi Artikel VP'!$F$1 -> URL VIDEO
C62: anchor_go_to_value | G62: #Not_Null
C63: wait_until_web_element_exist | E63: fieldVideoArtikel_pakar
C64: scroll_into_element | E64: fieldVideoArtikel_pakar
C65: set_text | E65: fieldVideoArtikel_pakar | G65: ='Data Edit Isi Artikel VP'!$F$1 -> URL VIDEO
C66: screenshot
C67: anchor_go_to_value | G67: #Null
C68: end_data_for_sheet | G68: End Data Edit Isi Artikel VP
C69: set_wp | G69: Tambah Ubah Topik
C70: expand_all_accordion | E70: btnAccordionArtikel_pakar
C71: for_data_by_sheet | G71: Data Tambah Topik Artikel VP;End Data Tambah Topik Artikel VP
C72: if_null_go_to_value | G72: ='Data Tambah Topik Artikel VP'!B$1 -> JUDUL PARENT TOPIK
C73: anchor_go_to_value | G73: #Not_Null
C74: scroll_into_element | E74: btnAccordionTopik_pakar | G74: ='Data Tambah Topik Artikel VP'!B$1 -> JUDUL PARENT TOPIK
C75: click_replace | E75: btnTambahTopik_pakar | G75: ='Data Tambah Topik Artikel VP'!B$1 -> JUDUL PARENT TOPIK
C76: screenshot
C77: set_text | E77: txtJudulTopikBaru_pakar | G77: ='Data Tambah Topik Artikel VP'!$C$1 -> JUDUL TOPIK
C78: go_to_value | G78: End Topik Baru
C79: anchor_go_to_value | G79: #Null
C80: scroll_into_element | E80: btnAccordionTopik_pakar | G80: ='Data Tambah Topik Artikel VP'!$C$1 -> JUDUL TOPIK
C81: click_replace | E81: btnPensilTopik_pakar | G81: ='Data Tambah Topik Artikel VP'!$C$1 -> JUDUL TOPIK
C82: wait_until_web_element_exist | E82: txtAreaDeskripsiTopik_pakar
C83: anchor_go_to_value | G83: End Topik Baru
C84: set_text_area | E84: txtAreaDeskripsiTopik_pakar | G84: ='Data Tambah Topik Artikel VP'!$D$1 -> ISI TOPIK
C85: screenshot
C86: go_to_value | G86: ='Data Tambah Topik Artikel VP'!$E$1 -> Simpan (Ya/Tidak)
C87: anchor_go_to_value | G87: Ya
C88: click | E88: btnCardSimpan_pakar
C89: go_to_value | G89: End Topik
C90: anchor_go_to_value | G90: Tidak
C91: click | E91: btnCardBatal_pakar
C92: anchor_go_to_value | G92: End Topik
C93: end_data_for_sheet | G93: End Data Tambah Topik Artikel VP
C94: screenshot_full_part
C95: set_wp | G95: SK SE Referensi
C96: for_data_by_sheet | G96: Data Edit Isi Artikel VP;End Data Edit Isi Artikel VP
C97: if_null_go_to_value | G97: ='Data Edit Isi Artikel VP'!$G$1 -> SK/SE REFERENSI
C98: anchor_go_to_value | G98: #Not_Null
C99: scroll_into_element | E99: labelSKSEReferensi_pakar
C100: screenshot
...

Sheet Ubah Negatif Reject SuperEdito
A1: Testcase | B1: Is_Running | C1: Keyword | D1: Pagename | E1: ObjectName | F1: ObjectType | G1: Value | H1: Application
A2: Login A | B2: Yes | H2: PAKAR
C3: set_specific_wp | G3: Login Super Editor
C4: start_chrome_driver
C5: go_to_url | G5: =Datatable!$R$1 -> URL PAKAR
C6: wait_until_web_element_exist | E6: fieldUserID_pakar
C7: screenshot
C8: set_text | E8: fieldUserID_pakar | G8: =Datatable!$J$1 -> USER ID SUPER EDITOR A
C9: set_text | E9: fieldUserPassword_pakar | G9: =Datatable!$K$1 -> PASSWORD SUPER EDITOR A
C10: screenshot
C11: click | E11: btnSubmitLogin_pakar
C12: debug
A13: Akses Artikel Main Search | B13: Yes | H13: PAKAR
C14: for_data_by_sheet | G14: Data Akses Artikel;End Data Akses Artikel
C15: wait_for_seconds | G15: 1
C16: set_text | E16: fieldCariDi_pakar | G16: ='Data Akses Artikel'!$J$1 -> NAMA ARTIKEL (Didalam Folder pisahkan ;)
C17: wait_for_seconds | G17: 1
C18: screenshot
C19: hover_to_element | E19: btnSearch_pakar
C20: click | E20: btnSearch_pakar
C21: wait_until_web_element_exist | E21: txtHasilPencarian_pakar
C22: screenshot
C23: hover_and_click_replace | E23: txtSearchJudul_pakar | G23: ='Data Akses Artikel'!$J$1 -> NAMA ARTIKEL (Didalam Folder pisahkan ;)
C24: wait_until_web_element_exist | E24: cardFeedback_pakar
C25: wait_for_seconds | G25: 1
C26: screenshot
C27: end_data_for_sheet | G27: End Data Akses Artikel
A28: Edit Artikel VP | B28: Yes | H28: PAKAR
C29: set_wp | G29: Akses Edit Halaman Artikel VP
C30: for_data_by_sheet | G30: Data Edit Isi Artikel VP;End Data Edit Isi Artikel VP
C31: expand_all_accordion | E31: btnAccordionArtikel_pakar
C32: hover_to_element_replace | E32: btnPensilAllHalArtikel_pakar | G32: ='Data Edit Isi Artikel VP'!$B$1 -> NAMA ARTIKEL/ACCORDION EDIT
C33: click_replace | E33: btnPensilAllHalArtikel_pakar | G33: ='Data Edit Isi Artikel VP'!$B$1 -> NAMA ARTIKEL/ACCORDION EDIT
C34: click_if_exist | E34: btnModalUbah_pakar
C35: wait_until_web_element_exist | E35: btnSimpanDanKirimTopBar_pakar
C36: wait_for_seconds | G36: 1
C37: screenshot
C38: set_wp | G38: Tambah Judul
C39: if_null_go_to_value | G39: ='Data Edit Isi Artikel VP'!$C$1 -> EDIT JUDUL ARTIKEL
C40: anchor_go_to_value | G40: #Not_Null
C41: wait_until_web_element_exist | E41: fieldJudulArtikelVirtualPage_pakar
C42: set_text | E42: fieldJudulArtikelVirtualPage_pakar | G42: ='Data Edit Isi Artikel VP'!$C$1 -> EDIT JUDUL ARTIKEL
C43: screenshot
C44: anchor_go_to_value | G44: #Null
C45: set_wp | G45: Deskripsi Singkat
C46: if_null_go_to_value | G46: ='Data Edit Isi Artikel VP'!$D$1 -> DESKRIPSI SINGKAT
C47: anchor_go_to_value | G47: #Not_Null
C48: wait_until_web_element_exist | E48: txtAreaDeskripsiorKontenVirtualPage_pakar
C49: set_text_area | E49: txtAreaDeskripsiorKontenVirtualPage_pakar | G49: ='Data Edit Isi Artikel VP'!$D$1 -> DESKRIPSI SINGKAT
C50: screenshot
C51: anchor_go_to_value | G51: #Null
C52: set_wp | G52: Tambah Gambar
C53: if_null_go_to_value | G53: ='Data Edit Isi Artikel VP'!$E$1 -> PATH FILE GAMBAR
C54: anchor_go_to_value | G54: #Not_Null
C55: wait_until_web_element_exist | E55: fieldGambarArtikel_pakar
C56: scroll_into_element | E56: fieldGambarArtikel_pakar
C57: upload_file | E57: fieldGambarArtikel_pakar | G57: ='Data Edit Isi Artikel VP'!$E$1 -> PATH FILE GAMBAR
C58: screenshot
C59: anchor_go_to_value | G59: #Null
C60: set_wp | G60: Video Artikel
C61: if_null_go_to_value | G61: ='Data Edit Isi Artikel VP'!$F$1 -> URL VIDEO
C62: anchor_go_to_value | G62: #Not_Null
C63: wait_until_web_element_exist | E63: fieldVideoArtikel_pakar
C64: scroll_into_element | E64: fieldVideoArtikel_pakar
C65: set_text | E65: fieldVideoArtikel_pakar | G65: ='Data Edit Isi Artikel VP'!$F$1 -> URL VIDEO
C66: screenshot
C67: anchor_go_to_value | G67: #Null
C68: end_data_for_sheet | G68: End Data Edit Isi Artikel VP
C69: set_wp | G69: Tambah Ubah Topik
C70: expand_all_accordion | E70: btnAccordionArtikel_pakar
C71: for_data_by_sheet | G71: Data Tambah Topik Artikel VP;End Data Tambah Topik Artikel VP
C72: if_null_go_to_value | G72: ='Data Tambah Topik Artikel VP'!B$1 -> JUDUL PARENT TOPIK
C73: anchor_go_to_value | G73: #Not_Null
C74: scroll_into_element | E74: btnAccordionTopik_pakar | G74: ='Data Tambah Topik Artikel VP'!B$1 -> JUDUL PARENT TOPIK
C75: click_replace | E75: btnTambahTopik_pakar | G75: ='Data Tambah Topik Artikel VP'!B$1 -> JUDUL PARENT TOPIK
C76: screenshot
C77: set_text | E77: txtJudulTopikBaru_pakar | G77: ='Data Tambah Topik Artikel VP'!$C$1 -> JUDUL TOPIK
C78: go_to_value | G78: End Topik Baru
C79: anchor_go_to_value | G79: #Null
C80: scroll_into_element | E80: btnAccordionTopik_pakar | G80: ='Data Tambah Topik Artikel VP'!$C$1 -> JUDUL TOPIK
C81: click_replace | E81: btnPensilTopik_pakar | G81: ='Data Tambah Topik Artikel VP'!$C$1 -> JUDUL TOPIK
C82: wait_until_web_element_exist | E82: txtAreaDeskripsiTopik_pakar
C83: anchor_go_to_value | G83: End Topik Baru
C84: set_text_area | E84: txtAreaDeskripsiTopik_pakar | G84: ='Data Tambah Topik Artikel VP'!$D$1 -> ISI TOPIK
C85: screenshot
C86: go_to_value | G86: ='Data Tambah Topik Artikel VP'!$E$1 -> Simpan (Ya/Tidak)
C87: anchor_go_to_value | G87: Ya
C88: click | E88: btnCardSimpan_pakar
C89: go_to_value | G89: End Topik
C90: anchor_go_to_value | G90: Tidak
C91: click | E91: btnCardBatal_pakar
C92: anchor_go_to_value | G92: End Topik
C93: end_data_for_sheet | G93: End Data Tambah Topik Artikel VP
C94: screenshot_full_part
C95: set_wp | G95: SK SE Referensi
C96: for_data_by_sheet | G96: Data Edit Isi Artikel VP;End Data Edit Isi Artikel VP
C97: if_null_go_to_value | G97: ='Data Edit Isi Artikel VP'!$G$1 -> SK/SE REFERENSI
C98: anchor_go_to_value | G98: #Not_Null
C99: scroll_into_element | E99: labelSKSEReferensi_pakar
C100: screenshot
...

Sheet Ubah Negatif Approve Publisher
A1: Testcase | B1: Is_Running | C1: Keyword | D1: Pagename | E1: ObjectName | F1: ObjectType | G1: Value | H1: Application
A2: Login A | B2: Yes | H2: PAKAR
C3: set_specific_wp | G3: Login Super Editor
C4: start_chrome_driver
C5: go_to_url | G5: =Datatable!$R$1 -> URL PAKAR
C6: wait_until_web_element_exist | E6: fieldUserID_pakar
C7: screenshot
C8: set_text | E8: fieldUserID_pakar | G8: =Datatable!$J$1 -> USER ID SUPER EDITOR A
C9: set_text | E9: fieldUserPassword_pakar | G9: =Datatable!$K$1 -> PASSWORD SUPER EDITOR A
C10: screenshot
C11: click | E11: btnSubmitLogin_pakar
C12: debug
A13: Akses Artikel Main Search | B13: Yes | H13: PAKAR
C14: for_data_by_sheet | G14: Data Akses Artikel;End Data Akses Artikel
C15: wait_for_seconds | G15: 1
C16: set_text | E16: fieldCariDi_pakar | G16: ='Data Akses Artikel'!$J$1 -> NAMA ARTIKEL (Didalam Folder pisahkan ;)
C17: wait_for_seconds | G17: 1
C18: screenshot
C19: hover_to_element | E19: btnSearch_pakar
C20: click | E20: btnSearch_pakar
C21: wait_until_web_element_exist | E21: txtHasilPencarian_pakar
C22: screenshot
C23: hover_and_click_replace | E23: txtSearchJudul_pakar | G23: ='Data Akses Artikel'!$J$1 -> NAMA ARTIKEL (Didalam Folder pisahkan ;)
C24: wait_until_web_element_exist | E24: cardFeedback_pakar
C25: wait_for_seconds | G25: 1
C26: screenshot
C27: end_data_for_sheet | G27: End Data Akses Artikel
A28: Edit Artikel VP | B28: Yes | H28: PAKAR
C29: set_wp | G29: Akses Edit Halaman Artikel VP
C30: for_data_by_sheet | G30: Data Edit Isi Artikel VP;End Data Edit Isi Artikel VP
C31: expand_all_accordion | E31: btnAccordionArtikel_pakar
C32: hover_to_element_replace | E32: btnPensilAllHalArtikel_pakar | G32: ='Data Edit Isi Artikel VP'!$B$1 -> NAMA ARTIKEL/ACCORDION EDIT
C33: click_replace | E33: btnPensilAllHalArtikel_pakar | G33: ='Data Edit Isi Artikel VP'!$B$1 -> NAMA ARTIKEL/ACCORDION EDIT
C34: click_if_exist | E34: btnModalUbah_pakar
C35: wait_until_web_element_exist | E35: btnSimpanDanKirimTopBar_pakar
C36: wait_for_seconds | G36: 1
C37: screenshot
C38: set_wp | G38: Tambah Judul
C39: if_null_go_to_value | G39: ='Data Edit Isi Artikel VP'!$C$1 -> EDIT JUDUL ARTIKEL
C40: anchor_go_to_value | G40: #Not_Null
C41: wait_until_web_element_exist | E41: fieldJudulArtikelVirtualPage_pakar
C42: set_text | E42: fieldJudulArtikelVirtualPage_pakar | G42: ='Data Edit Isi Artikel VP'!$C$1 -> EDIT JUDUL ARTIKEL
C43: screenshot
C44: anchor_go_to_value | G44: #Null
C45: set_wp | G45: Deskripsi Singkat
C46: if_null_go_to_value | G46: ='Data Edit Isi Artikel VP'!$D$1 -> DESKRIPSI SINGKAT
C47: anchor_go_to_value | G47: #Not_Null
C48: wait_until_web_element_exist | E48: txtAreaDeskripsiorKontenVirtualPage_pakar
C49: set_text_area | E49: txtAreaDeskripsiorKontenVirtualPage_pakar | G49: ='Data Edit Isi Artikel VP'!$D$1 -> DESKRIPSI SINGKAT
C50: screenshot
C51: anchor_go_to_value | G51: #Null
C52: set_wp | G52: Tambah Gambar
C53: if_null_go_to_value | G53: ='Data Edit Isi Artikel VP'!$E$1 -> PATH FILE GAMBAR
C54: anchor_go_to_value | G54: #Not_Null
C55: wait_until_web_element_exist | E55: fieldGambarArtikel_pakar
C56: scroll_into_element | E56: fieldGambarArtikel_pakar
C57: upload_file | E57: fieldGambarArtikel_pakar | G57: ='Data Edit Isi Artikel VP'!$E$1 -> PATH FILE GAMBAR
C58: screenshot
C59: anchor_go_to_value | G59: #Null
C60: set_wp | G60: Video Artikel
C61: if_null_go_to_value | G61: ='Data Edit Isi Artikel VP'!$F$1 -> URL VIDEO
C62: anchor_go_to_value | G62: #Not_Null
C63: wait_until_web_element_exist | E63: fieldVideoArtikel_pakar
C64: scroll_into_element | E64: fieldVideoArtikel_pakar
C65: set_text | E65: fieldVideoArtikel_pakar | G65: ='Data Edit Isi Artikel VP'!$F$1 -> URL VIDEO
C66: screenshot
C67: anchor_go_to_value | G67: #Null
C68: end_data_for_sheet | G68: End Data Edit Isi Artikel VP
C69: set_wp | G69: Tambah Ubah Topik
C70: expand_all_accordion | E70: btnAccordionArtikel_pakar
C71: for_data_by_sheet | G71: Data Tambah Topik Artikel VP;End Data Tambah Topik Artikel VP
C72: if_null_go_to_value | G72: ='Data Tambah Topik Artikel VP'!B$1 -> JUDUL PARENT TOPIK
C73: anchor_go_to_value | G73: #Not_Null
C74: scroll_into_element | E74: btnAccordionTopik_pakar | G74: ='Data Tambah Topik Artikel VP'!B$1 -> JUDUL PARENT TOPIK
C75: click_replace | E75: btnTambahTopik_pakar | G75: ='Data Tambah Topik Artikel VP'!B$1 -> JUDUL PARENT TOPIK
C76: screenshot
C77: set_text | E77: txtJudulTopikBaru_pakar | G77: ='Data Tambah Topik Artikel VP'!$C$1 -> JUDUL TOPIK
C78: go_to_value | G78: End Topik Baru
C79: anchor_go_to_value | G79: #Null
C80: scroll_into_element | E80: btnAccordionTopik_pakar | G80: ='Data Tambah Topik Artikel VP'!$C$1 -> JUDUL TOPIK
C81: click_replace | E81: btnPensilTopik_pakar | G81: ='Data Tambah Topik Artikel VP'!$C$1 -> JUDUL TOPIK
C82: wait_until_web_element_exist | E82: txtAreaDeskripsiTopik_pakar
C83: anchor_go_to_value | G83: End Topik Baru
C84: set_text_area | E84: txtAreaDeskripsiTopik_pakar | G84: ='Data Tambah Topik Artikel VP'!$D$1 -> ISI TOPIK
C85: screenshot
C86: go_to_value | G86: ='Data Tambah Topik Artikel VP'!$E$1 -> Simpan (Ya/Tidak)
C87: anchor_go_to_value | G87: Ya
C88: click | E88: btnCardSimpan_pakar
C89: go_to_value | G89: End Topik
C90: anchor_go_to_value | G90: Tidak
C91: click | E91: btnCardBatal_pakar
C92: anchor_go_to_value | G92: End Topik
C93: end_data_for_sheet | G93: End Data Tambah Topik Artikel VP
C94: screenshot_full_part
C95: set_wp | G95: SK SE Referensi
C96: for_data_by_sheet | G96: Data Edit Isi Artikel VP;End Data Edit Isi Artikel VP
C97: if_null_go_to_value | G97: ='Data Edit Isi Artikel VP'!$G$1 -> SK/SE REFERENSI
C98: anchor_go_to_value | G98: #Not_Null
C99: scroll_into_element | E99: labelSKSEReferensi_pakar
C100: screenshot
...

Sheet Ubah Negatif Reject Publisher
A1: Testcase | B1: Is_Running | C1: Keyword | D1: Pagename | E1: ObjectName | F1: ObjectType | G1: Value | H1: Application
A2: Login A | B2: Yes | H2: PAKAR
C3: set_specific_wp | G3: Login Super Editor
C4: start_chrome_driver
C5: go_to_url | G5: =Datatable!$R$1 -> URL PAKAR
C6: wait_until_web_element_exist | E6: fieldUserID_pakar
C7: screenshot
C8: set_text | E8: fieldUserID_pakar | G8: =Datatable!$J$1 -> USER ID SUPER EDITOR A
C9: set_text | E9: fieldUserPassword_pakar | G9: =Datatable!$K$1 -> PASSWORD SUPER EDITOR A
C10: screenshot
C11: click | E11: btnSubmitLogin_pakar
C12: debug
A13: Akses Artikel Main Search | B13: Yes | H13: PAKAR
C14: for_data_by_sheet | G14: Data Akses Artikel;End Data Akses Artikel
C15: wait_for_seconds | G15: 1
C16: set_text | E16: fieldCariDi_pakar | G16: ='Data Akses Artikel'!$J$1 -> NAMA ARTIKEL (Didalam Folder pisahkan ;)
C17: wait_for_seconds | G17: 1
C18: screenshot
C19: hover_to_element | E19: btnSearch_pakar
C20: click | E20: btnSearch_pakar
C21: wait_until_web_element_exist | E21: txtHasilPencarian_pakar
C22: screenshot
C23: hover_and_click_replace | E23: txtSearchJudul_pakar | G23: ='Data Akses Artikel'!$J$1 -> NAMA ARTIKEL (Didalam Folder pisahkan ;)
C24: wait_until_web_element_exist | E24: cardFeedback_pakar
C25: wait_for_seconds | G25: 1
C26: screenshot
C27: end_data_for_sheet | G27: End Data Akses Artikel
A28: Edit Artikel VP | B28: Yes | H28: PAKAR
C29: set_wp | G29: Akses Edit Halaman Artikel VP
C30: for_data_by_sheet | G30: Data Edit Isi Artikel VP;End Data Edit Isi Artikel VP
C31: expand_all_accordion | E31: btnAccordionArtikel_pakar
C32: hover_to_element_replace | E32: btnPensilAllHalArtikel_pakar | G32: ='Data Edit Isi Artikel VP'!$B$1 -> NAMA ARTIKEL/ACCORDION EDIT
C33: click_replace | E33: btnPensilAllHalArtikel_pakar | G33: ='Data Edit Isi Artikel VP'!$B$1 -> NAMA ARTIKEL/ACCORDION EDIT
C34: click_if_exist | E34: btnModalUbah_pakar
C35: wait_until_web_element_exist | E35: btnSimpanDanKirimTopBar_pakar
C36: wait_for_seconds | G36: 1
C37: screenshot
C38: set_wp | G38: Tambah Judul
C39: if_null_go_to_value | G39: ='Data Edit Isi Artikel VP'!$C$1 -> EDIT JUDUL ARTIKEL
C40: anchor_go_to_value | G40: #Not_Null
C41: wait_until_web_element_exist | E41: fieldJudulArtikelVirtualPage_pakar
C42: set_text | E42: fieldJudulArtikelVirtualPage_pakar | G42: ='Data Edit Isi Artikel VP'!$C$1 -> EDIT JUDUL ARTIKEL
C43: screenshot
C44: anchor_go_to_value | G44: #Null
C45: set_wp | G45: Deskripsi Singkat
C46: if_null_go_to_value | G46: ='Data Edit Isi Artikel VP'!$D$1 -> DESKRIPSI SINGKAT
C47: anchor_go_to_value | G47: #Not_Null
C48: wait_until_web_element_exist | E48: txtAreaDeskripsiorKontenVirtualPage_pakar
C49: set_text_area | E49: txtAreaDeskripsiorKontenVirtualPage_pakar | G49: ='Data Edit Isi Artikel VP'!$D$1 -> DESKRIPSI SINGKAT
C50: screenshot
C51: anchor_go_to_value | G51: #Null
C52: set_wp | G52: Tambah Gambar
C53: if_null_go_to_value | G53: ='Data Edit Isi Artikel VP'!$E$1 -> PATH FILE GAMBAR
C54: anchor_go_to_value | G54: #Not_Null
C55: wait_until_web_element_exist | E55: fieldGambarArtikel_pakar
C56: scroll_into_element | E56: fieldGambarArtikel_pakar
C57: upload_file | E57: fieldGambarArtikel_pakar | G57: ='Data Edit Isi Artikel VP'!$E$1 -> PATH FILE GAMBAR
C58: screenshot
C59: anchor_go_to_value | G59: #Null
C60: set_wp | G60: Video Artikel
C61: if_null_go_to_value | G61: ='Data Edit Isi Artikel VP'!$F$1 -> URL VIDEO
C62: anchor_go_to_value | G62: #Not_Null
C63: wait_until_web_element_exist | E63: fieldVideoArtikel_pakar
C64: scroll_into_element | E64: fieldVideoArtikel_pakar
C65: set_text | E65: fieldVideoArtikel_pakar | G65: ='Data Edit Isi Artikel VP'!$F$1 -> URL VIDEO
C66: screenshot
C67: anchor_go_to_value | G67: #Null
C68: end_data_for_sheet | G68: End Data Edit Isi Artikel VP
C69: set_wp | G69: Tambah Ubah Topik
C70: expand_all_accordion | E70: btnAccordionArtikel_pakar
C71: for_data_by_sheet | G71: Data Tambah Topik Artikel VP;End Data Tambah Topik Artikel VP
C72: if_null_go_to_value | G72: ='Data Tambah Topik Artikel VP'!B$1 -> JUDUL PARENT TOPIK
C73: anchor_go_to_value | G73: #Not_Null
C74: scroll_into_element | E74: btnAccordionTopik_pakar | G74: ='Data Tambah Topik Artikel VP'!B$1 -> JUDUL PARENT TOPIK
C75: click_replace | E75: btnTambahTopik_pakar | G75: ='Data Tambah Topik Artikel VP'!B$1 -> JUDUL PARENT TOPIK
C76: screenshot
C77: set_text | E77: txtJudulTopikBaru_pakar | G77: ='Data Tambah Topik Artikel VP'!$C$1 -> JUDUL TOPIK
C78: go_to_value | G78: End Topik Baru
C79: anchor_go_to_value | G79: #Null
C80: scroll_into_element | E80: btnAccordionTopik_pakar | G80: ='Data Tambah Topik Artikel VP'!$C$1 -> JUDUL TOPIK
C81: click_replace | E81: btnPensilTopik_pakar | G81: ='Data Tambah Topik Artikel VP'!$C$1 -> JUDUL TOPIK
C82: wait_until_web_element_exist | E82: txtAreaDeskripsiTopik_pakar
C83: anchor_go_to_value | G83: End Topik Baru
C84: set_text_area | E84: txtAreaDeskripsiTopik_pakar | G84: ='Data Tambah Topik Artikel VP'!$D$1 -> ISI TOPIK
C85: screenshot
C86: go_to_value | G86: ='Data Tambah Topik Artikel VP'!$E$1 -> Simpan (Ya/Tidak)
C87: anchor_go_to_value | G87: Ya
C88: click | E88: btnCardSimpan_pakar
C89: go_to_value | G89: End Topik
C90: anchor_go_to_value | G90: Tidak
C91: click | E91: btnCardBatal_pakar
C92: anchor_go_to_value | G92: End Topik
C93: end_data_for_sheet | G93: End Data Tambah Topik Artikel VP
C94: screenshot_full_part
C95: set_wp | G95: SK SE Referensi
C96: for_data_by_sheet | G96: Data Edit Isi Artikel VP;End Data Edit Isi Artikel VP
C97: if_null_go_to_value | G97: ='Data Edit Isi Artikel VP'!$G$1 -> SK/SE REFERENSI
C98: anchor_go_to_value | G98: #Not_Null
C99: scroll_into_element | E99: labelSKSEReferensi_pakar
C100: screenshot
...

Sheet Data Hapus Artikel
A1: NO | B1: NAMA ARTIKEL (Didalam Folder pisahkan ;) | C1: TANGGAL | D1: MY PAGES (draft/approved) | E1: CONTENTS (Semua/Artikel/Virtual Page) | F1: HAPUS ARTIKEL | G1: SIMPAN DAN KIRIM | H1: CATATAN SIMPAN & KIRIM | I1: KIRIM APPROVER
A2: 12 | B2: LAKU | F2: Batal | G2: RADITIA FEBIYANTO | I2: Kirim
A3: 13 | B3: Artikel khusus sisip dan unsisip vp | C3: 15/10/2024 | F3: Batal | G3: RADITIA FEBIYANTO | I3: Kirim
A4: 14 | B4: Artikel khusus sisip dan unsisip vp | C4: 15/10/2024 | F4: Hapus | G4: RADITIA FEBIYANTO | I4: Kirim
A5: 15 | B5: test tambah artikel | C5: 06/09/2024 | F5: Batal | G5: RADITIA FEBIYANTO | I5: Kirim
A6: 16 | B6: aplikasi hijau | F6: Batal | G6: RADITIA FEBIYANTO | I6: Kirim
D27: draft
D28: pending
D29: approved
E30: Semua
E31: Artikel
E32: Virtual Page

Sheet Hapus Approved
A1: Testcase | B1: Is_Running | C1: Keyword | D1: Pagename | E1: ObjectName | F1: ObjectType | G1: Value | H1: Application
A2: Login A | B2: Yes | H2: PAKAR
C3: set_specific_wp | G3: Login Super Editor
C4: start_chrome_driver
C5: go_to_url | G5: =Datatable!$R$1 -> URL PAKAR
C6: wait_until_web_element_exist | E6: fieldUserID_pakar
C7: screenshot
C8: set_text | E8: fieldUserID_pakar | G8: =Datatable!$J$1 -> USER ID SUPER EDITOR A
C9: set_text | E9: fieldUserPassword_pakar | G9: =Datatable!$K$1 -> PASSWORD SUPER EDITOR A
C10: screenshot
C11: click | E11: btnSubmitLogin_pakar
C12: debug
A13: Hapus Artikel My Pages Draft | B13: Yes | H13: PAKAR
C14: if_exist_go_to_value | E14: btnPelajariNanti_pakar | G14: PELAJARI NANTI
C15: anchor_go_to_value | G15: #PELAJARI NANTI#
C16: wait_until_web_element_exist | E16: btnPelajariNanti_pakar
C17: screenshot
C18: click | E18: btnPelajariNanti_pakar
C19: anchor_go_to_value | G19: END_IF_EXIST
C20: screenshot
C21: for_data_by_sheet | G21: Data Hapus Artikel;End Data Hapus Artikel
C22: click | E22: btnBurgerMenu_pakar
C23: screenshot
C24: hover_to_element | E24: btnMenuMyPages_pakar
C25: click | E25: btnMenuMyPages_pakar
C26: wait_until_web_element_exist | E26: txtMyPages_pakar
C27: hover_to_element_replace | E27: btnTab_Pakar | G27: ='Data Hapus Artikel'!$D$1 -> MY PAGES (draft/approved)
C28: click_replace | E28: btnTab_Pakar | G28: ='Data Hapus Artikel'!$D$1 -> MY PAGES (draft/approved)
C29: set_text | E29: txtSearchArtikelMyPages_pakar | G29: ='Data Hapus Artikel'!$B$1 -> NAMA ARTIKEL (Didalam Folder pisahkan ;)
C30: click | E30: btnSearchArtikelMyPages_pakar
C31: save_value | E31: [SAVE_ARTIKEL1] | G31: ='Data Hapus Artikel'!$B$1 -> NAMA ARTIKEL (Didalam Folder pisahkan ;)
C32: save_value | E32: [SAVE_ARTIKEL2] | G32: ='Data Hapus Artikel'!$C$1 -> TANGGAL
C33: set_element_artikel | E33: btnPilihArtikelMyPageContents_pakar
C34: is_exist_next_page_hover | E34: btnPilihArtikelMyPageContents_pakar
C35: hover_to_element | E35: btnDropdownHapus_pakar
C36: click | E36: btnDropdownHapus_pakar
C37: go_to_value | G37: ='Data Hapus Artikel'!$F$1 -> HAPUS ARTIKEL
C38: anchor_go_to_value | G38: Hapus
C39: hover_to_element | E39: btnModalHapus_pakar
C40: click | E40: btnModalHapus_pakar
C41: wait_until_web_element_exist | E41: fieldApprover_pakar
C42: set_text | E42: fieldApprover_pakar | G42: ='Data Hapus Artikel'!$G$1 -> SIMPAN DAN KIRIM
C43: wait_until_web_element_exist_replace | E43: ddModalNamaKirim_pakar | G43: ='Data Hapus Artikel'!$G$1 -> SIMPAN DAN KIRIM
C44: set_enter | E44: fieldApprover_pakar
C45: set_text_if_exist | E45: fieldTxtAreaCatatan_pakar | G45: ='Data Hapus Artikel'!$H$1 -> CATATAN SIMPAN & KIRIM
C46: wait_for_seconds | G46: 1
C47: screenshot
C48: go_to_value | G48: ='Data Hapus Artikel'!$I$1 -> KIRIM APPROVER
C49: anchor_go_to_value | G49: Kirim
C50: hover_to_element | E50: btnAlertKirim_pakar
C51: click | E51: btnAlertKirim_pakar
C52: go_to_value | G52: #END
C53: anchor_go_to_value | G53: Batal
C54: hover_to_element | E54: btnModalBatal_pakar
C55: click | E55: btnModalBatal_pakar
C56: anchor_go_to_value | G56: #END
C57: wait_until_web_element_exist | E57: txtMyPages_pakar
C58: screenshot
C59: end_data_for_sheet | G59: End Data Hapus Artikel
A60: Logout | B60: Yes | H60: PAKAR
C61: set_specific_wp | G61: Logout
C62: click | E62: btnTabProfil
C63: screenshot
C64: click | E64: btnSignOut
C65: click_if_exist | E65: btnYa_pakar
C66: wait_for_seconds | G66: 1
C67: screenshot
A68: Login B | B68: Yes | H68: PAKAR
C69: set_specific_wp | G69: Login Super Editor
C70: start_chrome_driver
C71: go_to_url | G71: =Datatable!$R$1 -> URL PAKAR
C72: wait_until_web_element_exist | E72: fieldUserID_pakar
C73: screenshot
C74: set_text | E74: fieldUserID_pakar | G74: =Datatable!$L$1 -> USER ID SUPER EDITOR B
C75: set_text | E75: fieldUserPassword_pakar | G75: =Datatable!$M$1 -> PASSWORD SUPER EDITOR B
C76: screenshot
C77: click | E77: btnSubmitLogin_pakar
C78: debug
A79: Approve Page Notifikasi | B79: Yes | H79: PAKAR
C80: if_exist_go_to_value | E80: btnPelajariNanti_pakar | G80: PELAJARI NANTI
C81: anchor_go_to_value | G81: PELAJARI NANTI
C82: wait_until_web_element_exist | E82: btnPelajariNanti_pakar
C83: screenshot
C84: click | E84: btnPelajariNanti_pakar
C85: anchor_go_to_value | G85: END_IF_EXIST
C86: screenshot
C87: for_data_by_sheet | G87: Data Approve Artikel;End Data Approve Artikel
C88: hover_to_element | E88: btnNotifikasi_pakar
C89: click | E89: btnNotifikasi_pakar
C90: screenshot
C91: save_value | E91: [SAVE_ARTIKEL1] | G91: ='Data Approve Artikel'!$B$1 -> NAMA ARTIKEL
C92: save_value | E92: [SAVE_ARTIKEL2] | G92: ='Data Approve Artikel'!$C$1 -> PILIH
C93: save_value | E93: [SAVE_ARTIKEL3] | G93: ='Data Approve Artikel'!$D$1 -> TANGGAL
C94: set_element_artikel | E94: btnPilihArtikelNotifikasi_pakar
C95: if_exist_go_to_value | E95: btnPilihArtikelNotifikasi_pakar | G95: Pop Up
C96: anchor_go_to_value | G96: Pop Up
C97: hover_to_element | E97: btnPilihArtikelNotifikasi_pakar
C98: click | E98: btnPilihArtikelNotifikasi_pakar
C99: go_to_value | G99: End Pilih
C100: anchor_go_to_value | G100: END_IF_EXIST
...

Sheet Hapus Reject
A1: Testcase | B1: Is_Running | C1: Keyword | D1: Pagename | E1: ObjectName | F1: ObjectType | G1: Value | H1: Application
A2: Login A | B2: Yes | H2: PAKAR
C3: set_specific_wp | G3: Login Super Editor
C4: start_chrome_driver
C5: go_to_url | G5: =Datatable!$R$1 -> URL PAKAR
C6: wait_until_web_element_exist | E6: fieldUserID_pakar
C7: screenshot
C8: set_text | E8: fieldUserID_pakar | G8: =Datatable!$J$1 -> USER ID SUPER EDITOR A
C9: set_text | E9: fieldUserPassword_pakar | G9: =Datatable!$K$1 -> PASSWORD SUPER EDITOR A
C10: screenshot
C11: click | E11: btnSubmitLogin_pakar
C12: debug
A13: Hapus Artikel My Pages Draft | B13: Yes | H13: PAKAR
C14: if_exist_go_to_value | E14: btnPelajariNanti_pakar | G14: PELAJARI NANTI
C15: anchor_go_to_value | G15: #PELAJARI NANTI#
C16: wait_until_web_element_exist | E16: btnPelajariNanti_pakar
C17: screenshot
C18: click | E18: btnPelajariNanti_pakar
C19: anchor_go_to_value | G19: END_IF_EXIST
C20: screenshot
C21: for_data_by_sheet | G21: Data Hapus Artikel;End Data Hapus Artikel
C22: click | E22: btnBurgerMenu_pakar
C23: screenshot
C24: hover_to_element | E24: btnMenuMyPages_pakar
C25: click | E25: btnMenuMyPages_pakar
C26: wait_until_web_element_exist | E26: txtMyPages_pakar
C27: hover_to_element_replace | E27: btnTab_Pakar | G27: ='Data Hapus Artikel'!$D$1 -> MY PAGES (draft/approved)
C28: click_replace | E28: btnTab_Pakar | G28: ='Data Hapus Artikel'!$D$1 -> MY PAGES (draft/approved)
C29: set_text | E29: txtSearchArtikelMyPages_pakar | G29: ='Data Hapus Artikel'!$B$1 -> NAMA ARTIKEL (Didalam Folder pisahkan ;)
C30: click | E30: btnSearchArtikelMyPages_pakar
C31: save_value | E31: [SAVE_ARTIKEL1] | G31: ='Data Hapus Artikel'!$B$1 -> NAMA ARTIKEL (Didalam Folder pisahkan ;)
C32: save_value | E32: [SAVE_ARTIKEL2] | G32: ='Data Hapus Artikel'!$C$1 -> TANGGAL
C33: set_element_artikel | E33: btnPilihArtikelMyPageContents_pakar
C34: is_exist_next_page_hover | E34: btnPilihArtikelMyPageContents_pakar
C35: hover_to_element | E35: btnDropdownHapus_pakar
C36: click | E36: btnDropdownHapus_pakar
C37: go_to_value | G37: ='Data Hapus Artikel'!$F$1 -> HAPUS ARTIKEL
C38: anchor_go_to_value | G38: Hapus
C39: hover_to_element | E39: btnModalHapus_pakar
C40: click | E40: btnModalHapus_pakar
C41: wait_until_web_element_exist | E41: fieldApprover_pakar
C42: set_text | E42: fieldApprover_pakar | G42: ='Data Hapus Artikel'!$G$1 -> SIMPAN DAN KIRIM
C43: wait_until_web_element_exist_replace | E43: ddModalNamaKirim_pakar | G43: ='Data Hapus Artikel'!$G$1 -> SIMPAN DAN KIRIM
C44: set_enter | E44: fieldApprover_pakar
C45: set_text_if_exist | E45: fieldTxtAreaCatatan_pakar | G45: ='Data Hapus Artikel'!$H$1 -> CATATAN SIMPAN & KIRIM
C46: wait_for_seconds | G46: 1
C47: screenshot
C48: go_to_value | G48: ='Data Hapus Artikel'!$I$1 -> KIRIM APPROVER
C49: anchor_go_to_value | G49: Kirim
C50: hover_to_element | E50: btnAlertKirim_pakar
C51: click | E51: btnAlertKirim_pakar
C52: go_to_value | G52: #END
C53: anchor_go_to_value | G53: Batal
C54: hover_to_element | E54: btnModalBatal_pakar
C55: click | E55: btnModalBatal_pakar
C56: anchor_go_to_value | G56: #END
C57: wait_until_web_element_exist | E57: txtMyPages_pakar
C58: screenshot
C59: end_data_for_sheet | G59: End Data Hapus Artikel
A60: Logout | B60: Yes | H60: PAKAR
C61: set_specific_wp | G61: Logout
C62: click | E62: btnTabProfil
C63: screenshot
C64: click | E64: btnSignOut
C65: click_if_exist | E65: btnYa_pakar
C66: wait_for_seconds | G66: 1
C67: screenshot
A68: Login B | B68: Yes | H68: PAKAR
C69: set_specific_wp | G69: Login Super Editor
C70: start_chrome_driver
C71: go_to_url | G71: =Datatable!$R$1 -> URL PAKAR
C72: wait_until_web_element_exist | E72: fieldUserID_pakar
C73: screenshot
C74: set_text | E74: fieldUserID_pakar | G74: =Datatable!$L$1 -> USER ID SUPER EDITOR B
C75: set_text | E75: fieldUserPassword_pakar | G75: =Datatable!$M$1 -> PASSWORD SUPER EDITOR B
C76: screenshot
C77: click | E77: btnSubmitLogin_pakar
C78: debug
A79: Reject Page Notifikasi | B79: Yes | H79: PAKAR
C80: if_exist_go_to_value | E80: btnPelajariNanti_pakar | G80: PELAJARI NANTI
C81: anchor_go_to_value | G81: PELAJARI NANTI
C82: wait_until_web_element_exist | E82: btnPelajariNanti_pakar
C83: screenshot
C84: click | E84: btnPelajariNanti_pakar
C85: anchor_go_to_value | G85: END_IF_EXIST
C86: screenshot
C87: for_data_by_sheet | G87: Data Reject Artikel;End Data Reject Artikel
C88: hover_to_element | E88: btnNotifikasi_pakar
C89: click | E89: btnNotifikasi_pakar
C90: screenshot
C91: save_value | E91: [SAVE_ARTIKEL1] | G91: ='Data Reject Artikel'!$B$1 -> NAMA ARTIKEL
C92: save_value | E92: [SAVE_ARTIKEL2] | G92: ='Data Reject Artikel'!$C$1 -> PILIH
C93: save_value | E93: [SAVE_ARTIKEL3] | G93: ='Data Reject Artikel'!$D$1 -> TANGGAL
C94: set_element_artikel | E94: btnPilihArtikelNotifikasi_pakar
C95: if_exist_go_to_value | E95: btnPilihArtikelNotifikasi_pakar | G95: Pop Up
C96: anchor_go_to_value | G96: Pop Up
C97: debug
C98: hover_to_element | E98: btnPilihArtikelNotifikasi_pakar
C99: click | E99: btnPilihArtikelNotifikasi_pakar
C100: go_to_value | G100: End Pilih
...

Sheet Tambah Bookmark Artikel SuperEd
A1: Testcase | B1: Is_Running | C1: Keyword | D1: Pagename | E1: ObjectName | F1: ObjectType | G1: Value | H1: Application
A2: Login A | B2: Yes | H2: PAKAR
C3: set_specific_wp | G3: Login Super Editor
C4: start_chrome_driver
C5: go_to_url | G5: =Datatable!$R$1 -> URL PAKAR
C6: wait_until_web_element_exist | E6: fieldUserID_pakar
C7: screenshot
C8: set_text | E8: fieldUserID_pakar | G8: =Datatable!$J$1 -> USER ID SUPER EDITOR A
C9: set_text | E9: fieldUserPassword_pakar | G9: =Datatable!$K$1 -> PASSWORD SUPER EDITOR A
C10: screenshot
C11: click | E11: btnSubmitLogin_pakar
C12: debug
A13: Akses Artikel Terbaru | B13: Yes | H13: PAKAR
C14: if_exist_go_to_value | E14: btnPelajariNanti_pakar | G14: PELAJARI NANTI
C15: anchor_go_to_value | G15: PELAJARI NANTI
C16: wait_until_web_element_exist | E16: btnPelajariNanti_pakar
C17: screenshot
C18: click | E18: btnPelajariNanti_pakar
C19: anchor_go_to_value | G19: END_IF_EXIST
C20: for_data_by_sheet | G20: Data Akses Artikel;End Data Akses Artikel
C21: screenshot
C22: save_value | E22: [SAVE_ARTIKEL1] | G22: ='Data Akses Artikel'!$J$1 -> NAMA ARTIKEL (Didalam Folder pisahkan ;)
C23: save_value | E23: [SAVE_ARTIKEL2] | G23: ='Data Akses Artikel'!$K$1 -> TANGGAL
C24: set_element_artikel | E24: cardArtikelTerbaruHome_pakar
C25: if_exist_go_to_value | E25: cardArtikelTerbaruHome_pakar | G25: Terbaru Home
C26: anchor_go_to_value | G26: Terbaru Home
C27: scroll_into_element | E27: cardArtikelTerbaruHome_pakar
C28: screenshot
C29: click | E29: cardArtikelTerbaruHome_pakar
C30: go_to_value | G30: End Terbaru Home
C31: anchor_go_to_value | G31: END_IF_EXIST
C32: click | E32: btnLihatSemuaTerbaru_pakar
C33: wait_until_web_element_exist | E33: btnAtasKembaliHalamanUtama_pakar
C34: screenshot
C35: save_value | E35: [SAVE_ARTIKEL1] | G35: ='Data Akses Artikel'!$J$1 -> NAMA ARTIKEL (Didalam Folder pisahkan ;)
C36: save_value | E36: [SAVE_ARTIKEL2] | G36: ='Data Akses Artikel'!$K$1 -> TANGGAL
C37: set_element_artikel | E37: cardArtikelLihatSemua_pakar
C38: is_exist_next_page_hover | E38: cardArtikelLihatSemua_pakar
C39: anchor_go_to_value | G39: End Terbaru Home
C40: wait_until_web_element_exist | E40: cardFeedback_pakar
C41: wait_for_seconds | G41: 1
C42: screenshot
C43: end_data_for_sheet | G43: End Data Akses Artikel
A44: Tambah Hapus Bookmark Artikel | B44: Yes | H44: PAKAR
C45: for_data_by_sheet | G45: Data Bookmark;End Data Bookmark
C46: wait_for_seconds | G46: 1
C47: hover_to_element | E47: btnTambahHapusBookmark_pakar | G47: ='Data Bookmark'!$D$1 -> BOOKMARK ARTIKEL
C48: click | E48: btnTambahHapusBookmark_pakar | G48: ='Data Bookmark'!$D$1 -> BOOKMARK ARTIKEL
C49: screenshot
C50: if_exist_pop_up_click
C51: end_data_for_sheet | G51: End Data Bookmark
A52: Tambah Hapus Bookmark Akordion | B52: Yes | H52: PAKAR
C53: for_data_by_sheet | G53: Data Bookmark;End Data Bookmark
C54: click | E54: btnBukaTopik_pakar
C55: wait_for_seconds | G55: 1
C56: loop_hover_and_click | E56: btnBookmarkAkordion_pakar | G56: ='Data Bookmark'!$B$1 -> JUDUL AKORDION
C57: if_exist_pop_up_click
C58: screenshot
C59: end_data_for_sheet | G59: End Data Bookmark
C60: screenshot_full_part
A61: Logout | B61: Yes | H61: PAKAR
C62: set_specific_wp | G62: Logout
C63: click | E63: btnTabProfil
C64: screenshot
C65: click | E65: btnSignOut
C66: click_if_exist | E66: btnYa_pakar
C67: wait_for_seconds | G67: 1
C68: screenshot

Sheet Tambah Hapus Hlmn Bookmark Supe
A1: Testcase | B1: Is_Running | C1: Keyword | D1: Pagename | E1: ObjectName | F1: ObjectType | G1: Value | H1: Application
A2: Login A | B2: Yes | H2: PAKAR
C3: set_specific_wp | G3: Login Super Editor
C4: start_chrome_driver
C5: go_to_url | G5: =Datatable!$R$1 -> URL PAKAR
C6: wait_until_web_element_exist | E6: fieldUserID_pakar
C7: screenshot
C8: set_text | E8: fieldUserID_pakar | G8: =Datatable!$J$1 -> USER ID SUPER EDITOR A
C9: set_text | E9: fieldUserPassword_pakar | G9: =Datatable!$K$1 -> PASSWORD SUPER EDITOR A
C10: screenshot
C11: click | E11: btnSubmitLogin_pakar
C12: debug
A13: Akses Artikel Burger Menu | B13: Yes | H13: PAKAR
C14: if_exist_go_to_value | E14: btnPelajariNanti_pakar | G14: PELAJARI NANTI
C15: anchor_go_to_value | G15: PELAJARI NANTI
C16: wait_until_web_element_exist | E16: btnPelajariNanti_pakar
C17: screenshot
C18: click | E18: btnPelajariNanti_pakar
C19: anchor_go_to_value | G19: END_IF_EXIST
C20: for_data_by_sheet | G20: Data Akses Artikel;End Data Akses Artikel
C21: wait_for_seconds | G21: 1
C22: click | E22: btnBurgerMenu_pakar
C23: screenshot
C24: if_null_go_to_value | G24: ='Data Akses Artikel'!$B$1 -> KATEGORI
C25: anchor_go_to_value | G25: #Not_Null
C26: hover_and_click_replace | E26: linkLihatSemua_pakar | G26: ='Data Akses Artikel'!$B$1 -> KATEGORI
C27: wait_for_seconds | G27: 1
C28: screenshot
C29: anchor_go_to_value | G29: #Null
C30: hover_and_click_replace | E30: btnSubKategori_pakar | G30: ='Data Akses Artikel'!$C$1 -> SUBKATEGORI
C31: wait_until_web_element_exist | E31: txtArtikel_pakar
C32: screenshot
C33: for_data_by_value | G33: ='Data Akses Artikel'!$J$1 -> NAMA ARTIKEL (Didalam Folder pisahkan ;)
C34: hover_click_replace_by_value_index | E34: btn_BukaArtikel_pakar | G34: ='Data Akses Artikel'!$J$1 -> NAMA ARTIKEL (Didalam Folder pisahkan ;)
C35: wait_for_seconds | G35: 5
C36: screenshot
C37: end_data_for_value
C38: wait_until_web_element_exist | E38: cardFeedback_pakar
C39: wait_for_seconds | G39: 1
C40: screenshot
C41: end_data_for_sheet | G41: End Data Akses Artikel
A42: Tambah Hapus Bookmark Artikel | B42: Yes | H42: PAKAR
C43: for_data_by_sheet | G43: Data Bookmark;End Data Bookmark
C44: wait_for_seconds | G44: 1
C45: hover_to_element | E45: btnTambahHapusBookmark_pakar | G45: ='Data Bookmark'!$D$1 -> BOOKMARK ARTIKEL
C46: click | E46: btnTambahHapusBookmark_pakar | G46: ='Data Bookmark'!$D$1 -> BOOKMARK ARTIKEL
C47: screenshot
C48: if_exist_pop_up_click
C49: end_data_for_sheet | G49: End Data Bookmark
A50: Hapus Single Bookmark | B50: Yes | H50: PAKAR
C51: for_data_by_sheet | G51: Data Bookmark;End Data Bookmark
C52: hover_to_element | E52: btnBookmark_pakar
C53: click | E53: btnBookmark_pakar
C54: wait_until_web_element_exist | E54: fieldCariBookmark_pakar
C55: screenshot
C56: set_text_if_exist | E56: fieldCariBookmark_pakar | G56: ='Data Bookmark'!$C$1 -> NAMA ARTIKEL/VP
C57: click | E57: btnCariBookmark_pakar
C58: wait_for_seconds | G58: 1
C59: is_exist_next_page_hover | E59: btnIconHapusBookmark | G59: ='Data Bookmark'!$C$1 -> NAMA ARTIKEL/VP
C60: go_to_value | G60: ='Data Bookmark'!$F$1 -> HAPUS BOOKMARK
C61: anchor_go_to_value | G61: Hapus
C62: hover_to_element | E62: btnModalHapus_pakar
C63: click | E63: btnModalHapus_pakar
C64: go_to_value | G64: #END
C65: anchor_go_to_value | G65: Batal
C66: hover_to_element | E66: btnModalBatal_pakar
C67: click | E67: btnModalBatal_pakar
C68: anchor_go_to_value | G68: #END
C69: wait_for_seconds | G69: 2
C70: screenshot
C71: end_data_for_sheet | G71: End Data Bookmark
A72: Logout | B72: Yes | H72: PAKAR
C73: set_specific_wp | G73: Logout
C74: click | E74: btnTabProfil
C75: screenshot
C76: click | E76: btnSignOut
C77: click_if_exist | E77: btnYa_pakar
C78: wait_for_seconds | G78: 1
C79: screenshot

Sheet Akses SKSE Bookmark Super Edito
A1: Testcase | B1: Is_Running | C1: Keyword | D1: Pagename | E1: ObjectName | F1: ObjectType | G1: Value | H1: Application
A2: Login A | B2: Yes | H2: PAKAR
C3: set_specific_wp | G3: Login Super Editor
C4: start_chrome_driver
C5: go_to_url | G5: =Datatable!$R$1 -> URL PAKAR
C6: wait_until_web_element_exist | E6: fieldUserID_pakar
C7: screenshot
C8: set_text | E8: fieldUserID_pakar | G8: =Datatable!$J$1 -> USER ID SUPER EDITOR A
C9: set_text | E9: fieldUserPassword_pakar | G9: =Datatable!$K$1 -> PASSWORD SUPER EDITOR A
C10: screenshot
C11: click | E11: btnSubmitLogin_pakar
C12: debug
A13: Akses Artikel Bookmark PAKAR | B13: Yes | H13: PAKAR
C14: for_data_by_sheet | G14: Data Akses Artikel;End Data Akses Artikel
C15: set_specific_wp | F15: xpath | G15: Akses Artikel Bookmark PAKAR
C16: wait_for_seconds | G16: 1
C17: hover_to_element | E17: btnBookmark_pakar
C18: click | E18: btnBookmark_pakar
C19: wait_for_seconds | G19: 1
C20: set_text | E20: fieldCariBookmark_pakar | G20: ='Data Akses Artikel'!$J$1 -> NAMA ARTIKEL (Didalam Folder pisahkan ;)
C21: click | E21: btnCariBookmark_pakar
C22: wait_for_seconds | G22: 1
C23: counter_row | E23: txtBookmark_pakar | G23: ='Data Akses Artikel'!$J$1 -> NAMA ARTIKEL (Didalam Folder pisahkan ;)
C24: wait_for_seconds | G24: 1
C25: scroll_into_element | E25: txtRowBookmark_pakar | G25: ='Data Akses Artikel'!$J$1 -> NAMA ARTIKEL (Didalam Folder pisahkan ;)
C26: hover_and_click_replace | E26: txtArtikelBookmark_pakar | G26: ='Data Akses Artikel'!$J$1 -> NAMA ARTIKEL (Didalam Folder pisahkan ;)
C27: wait_until_web_element_exist | E27: cardFeedback_pakar
C28: wait_for_seconds | G28: 1
C29: screenshot
C30: end_data_for_sheet | G30: End Data Akses Artikel
A31: Akses SK/SE | B31: Yes | H31: PAKAR
C32: for_data_by_sheet | G32: Data Akses Artikel;End Data Akses Artikel
C33: hover_to_element_replace | E33: txtSKSEReplace_pakar | G33: ='Data Akses Artikel'!$N$1 -> SK/SE
C34: click_replace | E34: txtSKSEReplace_pakar | G34: ='Data Akses Artikel'!$N$1 -> SK/SE
C35: wait_for_seconds | G35: 2
C36: click_sikuli | G36: username
C37: input_text | G37: ='Data Akses Artikel'!$L$1 -> USERNAME SKSE
C38: click_sikuli | G38: password
C39: input_text | G39: ='Data Akses Artikel'!$M$1 -> PASSWORD SKSE
C40: click_sikuli | G40: signIn
C41: wait_for_seconds | G41: 2
C42: screenshot_desktop
C43: key_press_with | G43: ALT;LEFT
C44: wait_for_seconds | G44: 1
C45: screenshot
C46: end_data_for_sheet | G46: End Data Akses Artikel
A47: Logout | B47: Yes | H47: PAKAR
C48: set_specific_wp | G48: Logout
C49: click | E49: btnTabProfil
C50: screenshot
C51: click | E51: btnSignOut
C52: click_if_exist | E52: btnYa_pakar
C53: wait_for_seconds | G53: 1
C54: screenshot

Sheet Tambah Bookmark Artikel Reader
A1: Testcase | B1: Is_Running | C1: Keyword | D1: Pagename | E1: ObjectName | F1: ObjectType | G1: Value | H1: Application
A2: Login A | B2: Yes | H2: PAKAR
C3: set_specific_wp | G3: Login Super Editor
C4: start_chrome_driver
C5: go_to_url | G5: =Datatable!$R$1 -> URL PAKAR
C6: wait_until_web_element_exist | E6: fieldUserID_pakar
C7: screenshot
C8: set_text | E8: fieldUserID_pakar | G8: =Datatable!$F$1 -> USER ID READER
C9: set_text | E9: fieldUserPassword_pakar | G9: =Datatable!$G$1 -> PASSWORD READER
C10: screenshot
C11: click | E11: btnSubmitLogin_pakar
C12: debug
A13: Akses Artikel Terbaru | B13: Yes | H13: PAKAR
C14: if_exist_go_to_value | E14: btnPelajariNanti_pakar | G14: PELAJARI NANTI
C15: anchor_go_to_value | G15: PELAJARI NANTI
C16: wait_until_web_element_exist | E16: btnPelajariNanti_pakar
C17: screenshot
C18: click | E18: btnPelajariNanti_pakar
C19: anchor_go_to_value | G19: END_IF_EXIST
C20: for_data_by_sheet | G20: Data Akses Artikel;End Data Akses Artikel
C21: screenshot
C22: save_value | E22: [SAVE_ARTIKEL1] | G22: ='Data Akses Artikel'!$J$1 -> NAMA ARTIKEL (Didalam Folder pisahkan ;)
C23: save_value | E23: [SAVE_ARTIKEL2] | G23: ='Data Akses Artikel'!$K$1 -> TANGGAL
C24: set_element_artikel | E24: cardArtikelTerbaruHome_pakar
C25: if_exist_go_to_value | E25: cardArtikelTerbaruHome_pakar | G25: Terbaru Home
C26: anchor_go_to_value | G26: Terbaru Home
C27: scroll_into_element | E27: cardArtikelTerbaruHome_pakar
C28: screenshot
C29: click | E29: cardArtikelTerbaruHome_pakar
C30: go_to_value | G30: End Terbaru Home
C31: anchor_go_to_value | G31: END_IF_EXIST
C32: click | E32: btnLihatSemuaTerbaru_pakar
C33: wait_until_web_element_exist | E33: btnAtasKembaliHalamanUtama_pakar
C34: screenshot
C35: save_value | E35: [SAVE_ARTIKEL1] | G35: ='Data Akses Artikel'!$J$1 -> NAMA ARTIKEL (Didalam Folder pisahkan ;)
C36: save_value | E36: [SAVE_ARTIKEL2] | G36: ='Data Akses Artikel'!$K$1 -> TANGGAL
C37: set_element_artikel | E37: cardArtikelLihatSemua_pakar
C38: is_exist_next_page_hover | E38: cardArtikelLihatSemua_pakar
C39: anchor_go_to_value | G39: End Terbaru Home
C40: wait_until_web_element_exist | E40: cardFeedback_pakar
C41: wait_for_seconds | G41: 1
C42: screenshot
C43: end_data_for_sheet | G43: End Data Akses Artikel
A44: Tambah Hapus Bookmark Artikel | B44: Yes | H44: PAKAR
C45: for_data_by_sheet | G45: Data Bookmark;End Data Bookmark
C46: wait_for_seconds | G46: 1
C47: hover_to_element | E47: btnTambahHapusBookmark_pakar | G47: ='Data Bookmark'!$D$1 -> BOOKMARK ARTIKEL
C48: click | E48: btnTambahHapusBookmark_pakar | G48: ='Data Bookmark'!$D$1 -> BOOKMARK ARTIKEL
C49: screenshot
C50: if_exist_pop_up_click
C51: end_data_for_sheet | G51: End Data Bookmark
A52: Tambah Hapus Bookmark Akordion | B52: Yes | H52: PAKAR
C53: for_data_by_sheet | G53: Data Bookmark;End Data Bookmark
C54: click | E54: btnBukaTopik_pakar
C55: wait_for_seconds | G55: 1
C56: loop_hover_and_click | E56: btnBookmarkAkordion_pakar | G56: ='Data Bookmark'!$B$1 -> JUDUL AKORDION
C57: if_exist_pop_up_click
C58: screenshot
C59: end_data_for_sheet | G59: End Data Bookmark
C60: screenshot_full_part
A61: Logout | B61: Yes | H61: PAKAR
C62: set_specific_wp | G62: Logout
C63: click | E63: btnTabProfil
C64: screenshot
C65: click | E65: btnSignOut
C66: click_if_exist | E66: btnYa_pakar
C67: wait_for_seconds | G67: 1
C68: screenshot

Sheet Tambah Hapus Hlmn Bookmark Read
A1: Testcase | B1: Is_Running | C1: Keyword | D1: Pagename | E1: ObjectName | F1: ObjectType | G1: Value | H1: Application
A2: Login A | B2: Yes | H2: PAKAR
C3: set_specific_wp | G3: Login Super Editor
C4: start_chrome_driver
C5: go_to_url | G5: =Datatable!$R$1 -> URL PAKAR
C6: wait_until_web_element_exist | E6: fieldUserID_pakar
C7: screenshot
C8: set_text | E8: fieldUserID_pakar | G8: =Datatable!$F$1 -> USER ID READER
C9: set_text | E9: fieldUserPassword_pakar | G9: =Datatable!$G$1 -> PASSWORD READER
C10: screenshot
C11: click | E11: btnSubmitLogin_pakar
C12: debug
A13: Akses Artikel Burger Menu | B13: Yes | H13: PAKAR
C14: if_exist_go_to_value | E14: btnPelajariNanti_pakar | G14: PELAJARI NANTI
C15: anchor_go_to_value | G15: PELAJARI NANTI
C16: wait_until_web_element_exist | E16: btnPelajariNanti_pakar
C17: screenshot
C18: click | E18: btnPelajariNanti_pakar
C19: anchor_go_to_value | G19: END_IF_EXIST
C20: for_data_by_sheet | G20: Data Akses Artikel;End Data Akses Artikel
C21: wait_for_seconds | G21: 1
C22: click | E22: btnBurgerMenu_pakar
C23: screenshot
C24: if_null_go_to_value | G24: ='Data Akses Artikel'!$B$1 -> KATEGORI
C25: anchor_go_to_value | G25: #Not_Null
C26: hover_and_click_replace | E26: linkLihatSemua_pakar | G26: ='Data Akses Artikel'!$B$1 -> KATEGORI
C27: wait_for_seconds | G27: 1
C28: screenshot
C29: anchor_go_to_value | G29: #Null
C30: hover_and_click_replace | E30: btnSubKategori_pakar | G30: ='Data Akses Artikel'!$C$1 -> SUBKATEGORI
C31: wait_until_web_element_exist | E31: txtArtikel_pakar
C32: screenshot
C33: for_data_by_value | G33: ='Data Akses Artikel'!$J$1 -> NAMA ARTIKEL (Didalam Folder pisahkan ;)
C34: hover_click_replace_by_value_index | E34: btn_BukaArtikel_pakar | G34: ='Data Akses Artikel'!$J$1 -> NAMA ARTIKEL (Didalam Folder pisahkan ;)
C35: wait_for_seconds | G35: 5
C36: screenshot
C37: end_data_for_value
C38: wait_until_web_element_exist | E38: cardFeedback_pakar
C39: wait_for_seconds | G39: 1
C40: screenshot
C41: end_data_for_sheet | G41: End Data Akses Artikel
A42: Tambah Hapus Bookmark Artikel | B42: Yes | H42: PAKAR
C43: for_data_by_sheet | G43: Data Bookmark;End Data Bookmark
C44: wait_for_seconds | G44: 1
C45: hover_to_element | E45: btnTambahHapusBookmark_pakar | G45: ='Data Bookmark'!$D$1 -> BOOKMARK ARTIKEL
C46: click | E46: btnTambahHapusBookmark_pakar | G46: ='Data Bookmark'!$D$1 -> BOOKMARK ARTIKEL
C47: screenshot
C48: if_exist_pop_up_click
C49: end_data_for_sheet | G49: End Data Bookmark
A50: Hapus Single Bookmark | B50: Yes | H50: PAKAR
C51: for_data_by_sheet | G51: Data Bookmark;End Data Bookmark
C52: hover_to_element | E52: btnBookmark_pakar
C53: click | E53: btnBookmark_pakar
C54: wait_until_web_element_exist | E54: fieldCariBookmark_pakar
C55: screenshot
C56: set_text_if_exist | E56: fieldCariBookmark_pakar | G56: ='Data Bookmark'!$C$1 -> NAMA ARTIKEL/VP
C57: click | E57: btnCariBookmark_pakar
C58: wait_for_seconds | G58: 1
C59: is_exist_next_page_hover | E59: btnIconHapusBookmark | G59: ='Data Bookmark'!$C$1 -> NAMA ARTIKEL/VP
C60: go_to_value | G60: ='Data Bookmark'!$F$1 -> HAPUS BOOKMARK
C61: anchor_go_to_value | G61: Hapus
C62: hover_to_element | E62: btnModalHapus_pakar
C63: click | E63: btnModalHapus_pakar
C64: go_to_value | G64: #END
C65: anchor_go_to_value | G65: Batal
C66: hover_to_element | E66: btnModalBatal_pakar
C67: click | E67: btnModalBatal_pakar
C68: anchor_go_to_value | G68: #END
C69: wait_for_seconds | G69: 2
C70: screenshot
C71: end_data_for_sheet | G71: End Data Bookmark
A72: Logout | B72: Yes | H72: PAKAR
C73: set_specific_wp | G73: Logout
C74: click | E74: btnTabProfil
C75: screenshot
C76: click | E76: btnSignOut
C77: click_if_exist | E77: btnYa_pakar
C78: wait_for_seconds | G78: 1
C79: screenshot

Sheet Akses SKSE Bookmark Reader
A1: Testcase | B1: Is_Running | C1: Keyword | D1: Pagename | E1: ObjectName | F1: ObjectType | G1: Value | H1: Application
A2: Login A | B2: Yes | H2: PAKAR
C3: set_specific_wp | G3: Login Super Editor
C4: start_chrome_driver
C5: go_to_url | G5: =Datatable!$R$1 -> URL PAKAR
C6: wait_until_web_element_exist | E6: fieldUserID_pakar
C7: screenshot
C8: set_text | E8: fieldUserID_pakar | G8: =Datatable!$F$1 -> USER ID READER
C9: set_text | E9: fieldUserPassword_pakar | G9: =Datatable!$G$1 -> PASSWORD READER
C10: screenshot
C11: click | E11: btnSubmitLogin_pakar
C12: debug
A13: Akses Artikel Bookmark PAKAR | B13: Yes | H13: PAKAR
C14: for_data_by_sheet | G14: Data Akses Artikel;End Data Akses Artikel
C15: set_specific_wp | F15: xpath | G15: Akses Artikel Bookmark PAKAR
C16: wait_for_seconds | G16: 1
C17: hover_to_element | E17: btnBookmark_pakar
C18: click | E18: btnBookmark_pakar
C19: wait_for_seconds | G19: 1
C20: set_text | E20: fieldCariBookmark_pakar | G20: ='Data Akses Artikel'!$J$1 -> NAMA ARTIKEL (Didalam Folder pisahkan ;)
C21: click | E21: btnCariBookmark_pakar
C22: wait_for_seconds | G22: 1
C23: counter_row | E23: txtBookmark_pakar | G23: ='Data Akses Artikel'!$J$1 -> NAMA ARTIKEL (Didalam Folder pisahkan ;)
C24: wait_for_seconds | G24: 1
C25: scroll_into_element | E25: txtRowBookmark_pakar | G25: ='Data Akses Artikel'!$J$1 -> NAMA ARTIKEL (Didalam Folder pisahkan ;)
C26: hover_and_click_replace | E26: txtArtikelBookmark_pakar | G26: ='Data Akses Artikel'!$J$1 -> NAMA ARTIKEL (Didalam Folder pisahkan ;)
C27: wait_until_web_element_exist | E27: cardFeedback_pakar
C28: wait_for_seconds | G28: 1
C29: screenshot
C30: end_data_for_sheet | G30: End Data Akses Artikel
A31: Akses SK/SE | B31: Yes | H31: PAKAR
C32: for_data_by_sheet | G32: Data Akses Artikel;End Data Akses Artikel
C33: hover_to_element_replace | E33: txtSKSEReplace_pakar | G33: ='Data Akses Artikel'!$N$1 -> SK/SE
C34: click_replace | E34: txtSKSEReplace_pakar | G34: ='Data Akses Artikel'!$N$1 -> SK/SE
C35: wait_for_seconds | G35: 2
C36: screenshot_desktop
C37: key_press_with | G37: ALT;LEFT
C38: wait_for_seconds | G38: 1
C39: screenshot
C40: end_data_for_sheet | G40: End Data Akses Artikel
A41: Logout | B41: Yes | H41: PAKAR
C42: set_specific_wp | G42: Logout
C43: click | E43: btnTabProfil
C44: screenshot
C45: click | E45: btnSignOut
C46: click_if_exist | E46: btnYa_pakar
C47: wait_for_seconds | G47: 1
C48: screenshot

Sheet Create Balas Feedback Super Edi
A1: Testcase | B1: Is_Running | C1: Keyword | D1: Pagename | E1: ObjectName | F1: ObjectType | G1: Value | H1: Application
A2: Login A | B2: Yes | H2: PAKAR
C3: set_specific_wp | G3: Login Super Editor
C4: start_chrome_driver
C5: go_to_url | G5: =Datatable!$R$1 -> URL PAKAR
C6: wait_until_web_element_exist | E6: fieldUserID_pakar
C7: screenshot
C8: set_text | E8: fieldUserID_pakar | G8: =Datatable!$J$1 -> USER ID SUPER EDITOR A
C9: set_text | E9: fieldUserPassword_pakar | G9: =Datatable!$K$1 -> PASSWORD SUPER EDITOR A
C10: screenshot
C11: click | E11: btnSubmitLogin_pakar
C12: debug
A13: Akses Artikel Main Search | B13: Yes | H13: PAKAR
C14: for_data_by_sheet | G14: Data Akses Artikel;End Data Akses Artikel
C15: wait_for_seconds | G15: 1
C16: set_text | E16: fieldCariDi_pakar | G16: ='Data Akses Artikel'!$J$1 -> NAMA ARTIKEL (Didalam Folder pisahkan ;)
C17: wait_for_seconds | G17: 1
C18: screenshot
C19: hover_to_element | E19: btnSearch_pakar
C20: click | E20: btnSearch_pakar
C21: wait_until_web_element_exist | E21: txtHasilPencarian_pakar
C22: screenshot
C23: hover_and_click_replace | E23: txtSearchJudul_pakar | G23: ='Data Akses Artikel'!$J$1 -> NAMA ARTIKEL (Didalam Folder pisahkan ;)
C24: wait_until_web_element_exist | E24: cardFeedback_pakar
C25: wait_for_seconds | G25: 1
C26: screenshot
C27: end_data_for_sheet | G27: End Data Akses Artikel
A28: Akses Artikel VP Informasi Terkait | B28: Yes | H28: PAKAR
C29: for_data_by_sheet | G29: Data Akses Artikel;End Data Akses Artikel
C30: set_specific_wp | F30: xpath | G30: Akses Artikel VP Informasi Terkait
C31: wait_for_seconds | G31: 1
C32: scroll_into_element | E32: txtInformasiTerkait_pakar
C33: hover_and_click_replace | E33: txtArtikelInformasiTerkait_pakar | G33: ='Data Akses Artikel'!$H$1 -> INFORMASI_TERKAIT
C34: wait_until_web_element_exist | E34: cardFeedback_pakar
C35: wait_for_seconds | G35: 1
C36: screenshot
C37: end_data_for_sheet | G37: End Data Akses Artikel
A38: Akses Video Artikel | B38: Yes | H38: PAKAR
C39: wait_for_seconds | G39: 1
C40: scroll_to_element | E40: btnSudahBaik_pakar
C41: change_frame | E41: iframe_pakar
C42: hover_to_element | E42: btnPlayVid_pakar
C43: click | E43: btnPlayVid_pakar
C44: screenshot
C45: wait_for_seconds | G45: 10
C46: hover_to_element | E46: btnPauseVid_pakar
C47: click | E47: btnPauseVid_pakar
C48: wait_for_seconds | G48: 1
C49: screenshot
C50: change_frame
A51: Create Feedback | B51: Yes | H51: PAKAR
C52: for_data_by_sheet | G52: Data Feedback;End Data Feedback
C53: scroll_page_down
C54: hover_to_element | E54: btnBeriSaran_pakar
C55: click | E55: btnBeriSaran_pakar
C56: screenshot
C57: scroll_into_element | E57: btnTetapBeriSaran_pakar
C58: go_to_value | G58: ='Data Feedback'!$B$1 -> BERI SARAN
C59: anchor_go_to_value | G59: Batal
C60: hover_to_element | E60: btnBatal_pakar
C61: click | E61: btnBatal_pakar
C62: go_to_value | G62: #End
C63: anchor_go_to_value | G63: Tetap Beri Saran
C64: hover_to_element | E64: btnTetapBeriSaran_pakar
C65: click | E65: btnTetapBeriSaran_pakar
C66: page_down_to_bottom
C67: screenshot
C68: hover_to_element_replace | E68: btnPilihanSaran_pakar | G68: ='Data Feedback'!$D$1 -> PILIH SARAN
C69: click_replace | E69: btnPilihanSaran_pakar | G69: ='Data Feedback'!$D$1 -> PILIH SARAN
C70: if_null_go_to_value | G70: ='Data Feedback'!$E$1 -> ISI SARAN
C71: anchor_go_to_value | G71: #Not_Null
C72: set_text_area | E72: txtAreaBeriSaran_pakar | G72: ='Data Feedback'!$E$1 -> ISI SARAN
C73: screenshot
C74: anchor_go_to_value | G74: #Null
C75: if_null_go_to_value | G75: ='Data Feedback'!$F$1 -> HYPERLINK
C76: anchor_go_to_value | G76: #Not_Null
C77: hover_to_element | E77: btnHyperlink_pakar
C78: click | E78: btnHyperlink_pakar
C79: set_text | E79: fieldHyperlink_pakar | G79: ='Data Feedback'!$F$1 -> HYPERLINK
C80: wait_for_seconds | G80: 1
C81: screenshot
C82: hover_to_element | E82: btnSisipkan_pakar
C83: click | E83: btnSisipkan_pakar
C84: anchor_go_to_value | G84: #Null
C85: if_null_go_to_value | G85: ='Data Feedback'!$G$1 -> PATH FILE FOTO
C86: anchor_go_to_value | G86: #Not_Null
C87: hover_to_element | E87: btnPilihGambar_pakar
C88: click | E88: btnPilihGambar_pakar
C89: wait_until_web_element_exist | E89: btnCariGambar_pakar
C90: screenshot
C91: upload_file | E91: btnCariGambar_pakar | G91: ='Data Feedback'!$G$1 -> PATH FILE FOTO
C92: wait_for_seconds | G92: 1
C93: screenshot
C94: hover_to_element | E94: btnSisipkan_pakar
C95: click | E95: btnSisipkan_pakar
C96: anchor_go_to_value | G96: #Null
C97: if_null_go_to_value | G97: ='Data Feedback'!$H$1 -> PATH FILE DOKUMEN
C98: anchor_go_to_value | G98: #Not_Null
C99: upload_file | E99: btnAttachFile_pakar | G99: ='Data Feedback'!$H$1 -> PATH FILE DOKUMEN
C100: wait_for_seconds | G100: 1
...

Sheet Create Balas Feedback Publisher
A1: Testcase | B1: Is_Running | C1: Keyword | D1: Pagename | E1: ObjectName | F1: ObjectType | G1: Value | H1: Application
A2: Login A | B2: Yes | H2: PAKAR
C3: set_specific_wp | G3: Login Super Editor
C4: start_chrome_driver
C5: go_to_url | G5: =Datatable!$R$1 -> URL PAKAR
C6: wait_until_web_element_exist | E6: fieldUserID_pakar
C7: screenshot
C8: set_text | E8: fieldUserID_pakar | G8: =Datatable!$P$1 -> USER ID PUBLISHER B
C9: set_text | E9: fieldUserPassword_pakar | G9: =Datatable!$Q$1 -> PASSWORD PUBLISHER B
C10: screenshot
C11: click | E11: btnSubmitLogin_pakar
C12: debug
A13: Akses Artikel Main Search | B13: Yes | H13: PAKAR
C14: for_data_by_sheet | G14: Data Akses Artikel;End Data Akses Artikel
C15: wait_for_seconds | G15: 1
C16: set_text | E16: fieldCariDi_pakar | G16: ='Data Akses Artikel'!$J$1 -> NAMA ARTIKEL (Didalam Folder pisahkan ;)
C17: wait_for_seconds | G17: 1
C18: screenshot
C19: hover_to_element | E19: btnSearch_pakar
C20: click | E20: btnSearch_pakar
C21: wait_until_web_element_exist | E21: txtHasilPencarian_pakar
C22: screenshot
C23: hover_and_click_replace | E23: txtSearchJudul_pakar | G23: ='Data Akses Artikel'!$J$1 -> NAMA ARTIKEL (Didalam Folder pisahkan ;)
C24: wait_until_web_element_exist | E24: cardFeedback_pakar
C25: wait_for_seconds | G25: 1
C26: screenshot
C27: end_data_for_sheet | G27: End Data Akses Artikel
A28: Akses Artikel VP Informasi Terkait | B28: Yes | H28: PAKAR
C29: for_data_by_sheet | G29: Data Akses Artikel;End Data Akses Artikel
C30: set_specific_wp | F30: xpath | G30: Akses Artikel VP Informasi Terkait
C31: wait_for_seconds | G31: 1
C32: scroll_into_element | E32: txtInformasiTerkait_pakar
C33: hover_and_click_replace | E33: txtArtikelInformasiTerkait_pakar | G33: ='Data Akses Artikel'!$H$1 -> INFORMASI_TERKAIT
C34: wait_until_web_element_exist | E34: cardFeedback_pakar
C35: wait_for_seconds | G35: 1
C36: screenshot
C37: end_data_for_sheet | G37: End Data Akses Artikel
A38: Akses Video Artikel | B38: Yes | H38: PAKAR
C39: wait_for_seconds | G39: 1
C40: scroll_to_element | E40: btnSudahBaik_pakar
C41: change_frame | E41: iframe_pakar
C42: hover_to_element | E42: btnPlayVid_pakar
C43: click | E43: btnPlayVid_pakar
C44: screenshot
C45: wait_for_seconds | G45: 10
C46: hover_to_element | E46: btnPauseVid_pakar
C47: click | E47: btnPauseVid_pakar
C48: wait_for_seconds | G48: 1
C49: screenshot
C50: change_frame
A51: Create Feedback | B51: Yes | H51: PAKAR
C52: for_data_by_sheet | G52: Data Feedback;End Data Feedback
C53: scroll_page_down
C54: hover_to_element | E54: btnBeriSaran_pakar
C55: click | E55: btnBeriSaran_pakar
C56: screenshot
C57: scroll_into_element | E57: btnTetapBeriSaran_pakar
C58: go_to_value | G58: ='Data Feedback'!$B$1 -> BERI SARAN
C59: anchor_go_to_value | G59: Batal
C60: hover_to_element | E60: btnBatal_pakar
C61: click | E61: btnBatal_pakar
C62: go_to_value | G62: #End
C63: anchor_go_to_value | G63: Tetap Beri Saran
C64: hover_to_element | E64: btnTetapBeriSaran_pakar
C65: click | E65: btnTetapBeriSaran_pakar
C66: page_down_to_bottom
C67: screenshot
C68: hover_to_element_replace | E68: btnPilihanSaran_pakar | G68: ='Data Feedback'!$D$1 -> PILIH SARAN
C69: click_replace | E69: btnPilihanSaran_pakar | G69: ='Data Feedback'!$D$1 -> PILIH SARAN
C70: if_null_go_to_value | G70: ='Data Feedback'!$E$1 -> ISI SARAN
C71: anchor_go_to_value | G71: #Not_Null
C72: set_text_area | E72: txtAreaBeriSaran_pakar | G72: ='Data Feedback'!$E$1 -> ISI SARAN
C73: screenshot
C74: anchor_go_to_value | G74: #Null
C75: if_null_go_to_value | G75: ='Data Feedback'!$F$1 -> HYPERLINK
C76: anchor_go_to_value | G76: #Not_Null
C77: hover_to_element | E77: btnHyperlink_pakar
C78: click | E78: btnHyperlink_pakar
C79: set_text | E79: fieldHyperlink_pakar | G79: ='Data Feedback'!$F$1 -> HYPERLINK
C80: wait_for_seconds | G80: 1
C81: screenshot
C82: hover_to_element | E82: btnSisipkan_pakar
C83: click | E83: btnSisipkan_pakar
C84: anchor_go_to_value | G84: #Null
C85: if_null_go_to_value | G85: ='Data Feedback'!$G$1 -> PATH FILE FOTO
C86: anchor_go_to_value | G86: #Not_Null
C87: hover_to_element | E87: btnPilihGambar_pakar
C88: click | E88: btnPilihGambar_pakar
C89: wait_until_web_element_exist | E89: btnCariGambar_pakar
C90: screenshot
C91: upload_file | E91: btnCariGambar_pakar | G91: ='Data Feedback'!$G$1 -> PATH FILE FOTO
C92: wait_for_seconds | G92: 1
C93: screenshot
C94: hover_to_element | E94: btnSisipkan_pakar
C95: click | E95: btnSisipkan_pakar
C96: anchor_go_to_value | G96: #Null
C97: if_null_go_to_value | G97: ='Data Feedback'!$H$1 -> PATH FILE DOKUMEN
C98: anchor_go_to_value | G98: #Not_Null
C99: upload_file | E99: btnAttachFile_pakar | G99: ='Data Feedback'!$H$1 -> PATH FILE DOKUMEN
C100: wait_for_seconds | G100: 1
...

Sheet Create Balas Feedback Reader
A1: Testcase | B1: Is_Running | C1: Keyword | D1: Pagename | E1: ObjectName | F1: ObjectType | G1: Value | H1: Application
A2: Login A | B2: Yes | H2: PAKAR
C3: set_specific_wp | G3: Login Reader
C4: start_chrome_driver
C5: go_to_url | G5: =Datatable!$R$1 -> URL PAKAR
C6: wait_until_web_element_exist | E6: fieldUserID_pakar
C7: screenshot
C8: set_text | E8: fieldUserID_pakar | G8: =Datatable!$F$1 -> USER ID READER
C9: set_text | E9: fieldUserPassword_pakar | G9: =Datatable!$G$1 -> PASSWORD READER
C10: screenshot
C11: click | E11: btnSubmitLogin_pakar
C12: debug
A13: Akses Artikel Main Search | B13: Yes | H13: PAKAR
C14: for_data_by_sheet | G14: Data Akses Artikel;End Data Akses Artikel
C15: wait_for_seconds | G15: 1
C16: set_text | E16: fieldCariDi_pakar | G16: ='Data Akses Artikel'!$J$1 -> NAMA ARTIKEL (Didalam Folder pisahkan ;)
C17: wait_for_seconds | G17: 1
C18: screenshot
C19: hover_to_element | E19: btnSearch_pakar
C20: click | E20: btnSearch_pakar
C21: wait_until_web_element_exist | E21: txtHasilPencarian_pakar
C22: screenshot
C23: hover_and_click_replace | E23: txtSearchJudul_pakar | G23: ='Data Akses Artikel'!$J$1 -> NAMA ARTIKEL (Didalam Folder pisahkan ;)
C24: wait_until_web_element_exist | E24: cardFeedback_pakar
C25: wait_for_seconds | G25: 1
C26: screenshot
C27: end_data_for_sheet | G27: End Data Akses Artikel
A28: Akses Artikel VP Informasi Terkait | B28: Yes | H28: PAKAR
C29: for_data_by_sheet | G29: Data Akses Artikel;End Data Akses Artikel
C30: set_specific_wp | F30: xpath | G30: Akses Artikel VP Informasi Terkait
C31: wait_for_seconds | G31: 1
C32: scroll_into_element | E32: txtInformasiTerkait_pakar
C33: hover_and_click_replace | E33: txtArtikelInformasiTerkait_pakar | G33: ='Data Akses Artikel'!$H$1 -> INFORMASI_TERKAIT
C34: wait_until_web_element_exist | E34: cardFeedback_pakar
C35: wait_for_seconds | G35: 1
C36: screenshot
C37: end_data_for_sheet | G37: End Data Akses Artikel
A38: Akses Video Artikel | B38: Yes | H38: PAKAR
C39: wait_for_seconds | G39: 1
C40: scroll_to_element | E40: btnSudahBaik_pakar
C41: change_frame | E41: iframe_pakar
C42: hover_to_element | E42: btnPlayVid_pakar
C43: click | E43: btnPlayVid_pakar
C44: screenshot
C45: wait_for_seconds | G45: 10
C46: hover_to_element | E46: btnPauseVid_pakar
C47: click | E47: btnPauseVid_pakar
C48: wait_for_seconds | G48: 1
C49: screenshot
C50: change_frame
A51: Create Feedback | B51: Yes | H51: PAKAR
C52: for_data_by_sheet | G52: Data Feedback;End Data Feedback
C53: scroll_page_down
C54: hover_to_element | E54: btnBeriSaran_pakar
C55: click | E55: btnBeriSaran_pakar
C56: screenshot
C57: scroll_into_element | E57: btnTetapBeriSaran_pakar
C58: go_to_value | G58: ='Data Feedback'!$B$1 -> BERI SARAN
C59: anchor_go_to_value | G59: Batal
C60: hover_to_element | E60: btnBatal_pakar
C61: click | E61: btnBatal_pakar
C62: go_to_value | G62: #End
C63: anchor_go_to_value | G63: Tetap Beri Saran
C64: hover_to_element | E64: btnTetapBeriSaran_pakar
C65: click | E65: btnTetapBeriSaran_pakar
C66: page_down_to_bottom
C67: screenshot
C68: hover_to_element_replace | E68: btnPilihanSaran_pakar | G68: ='Data Feedback'!$D$1 -> PILIH SARAN
C69: click_replace | E69: btnPilihanSaran_pakar | G69: ='Data Feedback'!$D$1 -> PILIH SARAN
C70: if_null_go_to_value | G70: ='Data Feedback'!$E$1 -> ISI SARAN
C71: anchor_go_to_value | G71: #Not_Null
C72: set_text_area | E72: txtAreaBeriSaran_pakar | G72: ='Data Feedback'!$E$1 -> ISI SARAN
C73: screenshot
C74: anchor_go_to_value | G74: #Null
C75: if_null_go_to_value | G75: ='Data Feedback'!$F$1 -> HYPERLINK
C76: anchor_go_to_value | G76: #Not_Null
C77: hover_to_element | E77: btnHyperlink_pakar
C78: click | E78: btnHyperlink_pakar
C79: set_text | E79: fieldHyperlink_pakar | G79: ='Data Feedback'!$F$1 -> HYPERLINK
C80: wait_for_seconds | G80: 1
C81: screenshot
C82: hover_to_element | E82: btnSisipkan_pakar
C83: click | E83: btnSisipkan_pakar
C84: anchor_go_to_value | G84: #Null
C85: if_null_go_to_value | G85: ='Data Feedback'!$G$1 -> PATH FILE FOTO
C86: anchor_go_to_value | G86: #Not_Null
C87: hover_to_element | E87: btnPilihGambar_pakar
C88: click | E88: btnPilihGambar_pakar
C89: wait_until_web_element_exist | E89: btnCariGambar_pakar
C90: screenshot
C91: upload_file | E91: btnCariGambar_pakar | G91: ='Data Feedback'!$G$1 -> PATH FILE FOTO
C92: wait_for_seconds | G92: 1
C93: screenshot
C94: hover_to_element | E94: btnSisipkan_pakar
C95: click | E95: btnSisipkan_pakar
C96: anchor_go_to_value | G96: #Null
C97: if_null_go_to_value | G97: ='Data Feedback'!$H$1 -> PATH FILE DOKUMEN
C98: anchor_go_to_value | G98: #Not_Null
C99: upload_file | E99: btnAttachFile_pakar | G99: ='Data Feedback'!$H$1 -> PATH FILE DOKUMEN
C100: wait_for_seconds | G100: 1
...

Sheet Balas dan Export Feedback
A1: Testcase | B1: Is_Running | C1: Keyword | D1: Pagename | E1: ObjectName | F1: ObjectType | G1: Value | H1: Application
A2: Login A | B2: Yes | H2: PAKAR
C3: set_specific_wp | G3: Login Super Editor
C4: start_chrome_driver
C5: go_to_url | G5: =Datatable!$R$1 -> URL PAKAR
C6: wait_until_web_element_exist | E6: fieldUserID_pakar
C7: screenshot
C8: set_text | E8: fieldUserID_pakar | G8: =Datatable!$J$1 -> USER ID SUPER EDITOR A
C9: set_text | E9: fieldUserPassword_pakar | G9: =Datatable!$K$1 -> PASSWORD SUPER EDITOR A
C10: screenshot
C11: click | E11: btnSubmitLogin_pakar
C12: debug
A13: Balas Feedback Follow Up dan Pending | B13: Yes | H13: PAKAR
C14: for_data_by_sheet | G14: Data Balas Feedback;End Data Balas Feedback
C15: wait_until_web_element_exist | E15: btnSetting_pakar
C16: hover_to_element | E16: btnSetting_pakar
C17: click | E17: btnSetting_pakar
C18: hover_to_element | E18: btnFeedback_pakar
C19: hover_to_element | E19: btnDashboardFeedback_pakar
C20: click | E20: btnDashboardFeedback_pakar
C21: wait_until_web_element_exist | E21: txtFeedback_pakar
C22: wait_for_seconds | G22: 1
C23: screenshot
C24: click_replace | E24: btnTabFeedback_pakar | G24: ='Data Balas Feedback'!$B$1 -> TAB FILTER
C25: wait_until_web_element_exist | E25: txtSearchArtikelFeedback_pakar
C26: screenshot
C27: set_text | E27: txtSearchArtikelFeedback_pakar | G27: ='Data Balas Feedback'!$C$1 -> ID FEEDBACK
C28: click | E28: btnSearchArtikelFeedback_pakar
C29: wait_for_seconds | G29: 1
C30: screenshot
C31: hover_to_element_replace | E31: btnClickIDFeedback_pakar | G31: ='Data Balas Feedback'!$C$1 -> ID FEEDBACK
C32: click_replace | E32: btnClickIDFeedback_pakar | G32: ='Data Balas Feedback'!$C$1 -> ID FEEDBACK
C33: wait_until_web_element_exist_replace | E33: txtHalamanFeedback_pakar | G33: ='Data Balas Feedback'!$C$1 -> ID FEEDBACK
C34: scroll_into_element | E34: btnDropdownStatus_pakar
C35: hover_to_element | E35: btnDropdownStatus_pakar
C36: click | E36: btnDropdownStatus_pakar
C37: hover_to_element_replace | E37: btnStatusFeedback_pakar | G37: ='Data Balas Feedback'!$D$1 -> STATUS FEEDBACK
C38: click_replace | E38: btnStatusFeedback_pakar | G38: ='Data Balas Feedback'!$D$1 -> STATUS FEEDBACK
C39: go_to_value | G39: ='Data Balas Feedback'!$D$1 -> STATUS FEEDBACK
C40: anchor_go_to_value | G40: Waiting for Resolution
C41: go_to_value | G41: ='Data Balas Feedback'!$I$1 -> SIMPAN
C42: anchor_go_to_value | G42: Waiting for User
C43: wait_until_web_element_exist | E43: fieldHasilTindakLanjut_pakar
C44: set_text | E44: fieldHasilTindakLanjut_pakar | G44: ='Data Balas Feedback'!$E$1 -> HASIL TINDAK LANJUT
C45: screenshot
C46: go_to_value | G46: ='Data Balas Feedback'!$I$1 -> SIMPAN
C47: anchor_go_to_value | G47: Closed
C48: wait_until_web_element_exist | E48: fieldHasilTindakLanjut_pakar
C49: set_text | E49: fieldHasilTindakLanjut_pakar | G49: ='Data Balas Feedback'!$E$1 -> HASIL TINDAK LANJUT
C50: screenshot
C51: click | E51: btnDropdownJenisTindakLanjut_pakar
C52: hover_to_element_replace | E52: btnJenisTindakLanjut_pakar | G52: ='Data Balas Feedback'!$F$1 -> JENIS TINDAK LANJUT
C53: click_replace | E53: btnJenisTindakLanjut_pakar | G53: ='Data Balas Feedback'!$F$1 -> JENIS TINDAK LANJUT
C54: set_text_if_exist | E54: fieldCatatanFeedback_pakar | G54: ='Data Balas Feedback'!$G$1 -> CATATAN
C55: if_null_go_to_value | G55: ='Data Balas Feedback'!$H$1 -> RIWAYAT VERSI
C56: anchor_go_to_value | G56: #Not_Null
C57: click_replace | E57: btnUpdateRiwayatVersi_pakar | G57: Ya
C58: set_text | E58: fieldRiwayatVersi_pakar | G58: ='Data Balas Feedback'!$H$1 -> RIWAYAT VERSI
C59: go_to_value | G59: ='Data Balas Feedback'!$I$1 -> SIMPAN
C60: anchor_go_to_value | G60: #Null
C61: click_replace | E61: btnUpdateRiwayatVersi_pakar | G61: Tidak
C62: go_to_value | G62: ='Data Balas Feedback'!$I$1 -> SIMPAN
C63: anchor_go_to_value | G63: Simpan
C64: hover_to_element | E64: btnSimpan_pakar
C65: click | E65: btnSimpan_pakar
C66: go_to_value | G66: #END
C67: anchor_go_to_value | G67: Batal
C68: hover_to_element | E68: btnBatal_pakar
C69: click | E69: btnBatal_pakar
C70: hover_to_element | E70: btnYaBatalUbah_pakar
C71: click | E71: btnYaBatalUbah_pakar
C72: anchor_go_to_value | G72: #END
C73: wait_until_web_element_exist | E73: txtFeedback_pakar
C74: wait_for_seconds | G74: 1
C75: screenshot
C76: end_data_for_sheet | G76: End Data Balas Feedback
A77: Export Data Feedback | B77: Yes | H77: PAKAR
C78: for_data_by_sheet | G78: Data Check Feedback;End Data Check Feedback
C79: wait_until_web_element_exist | E79: btnSetting_pakar
C80: hover_to_element | E80: btnSetting_pakar
C81: click | E81: btnSetting_pakar
C82: hover_to_element | E82: btnFeedback_pakar
C83: hover_to_element | E83: btnDashboardFeedback_pakar
C84: click | E84: btnDashboardFeedback_pakar
C85: wait_until_web_element_exist | E85: txtFeedback_pakar
C86: click | E86: btnExportData_pakar
C87: hover_to_element | E87: fieldPilihPeriodeExportData_pakar
C88: click | E88: fieldPilihPeriodeExportData_pakar
C89: is_exist_click_periode_tahun | E89: btnPilihLeftBulanExportData_pakar | G89: ='Data Check Feedback'!$D$1 -> PERIODE AWAL
C90: wait_for_seconds | G90: 1
C91: is_exist_click_periode_tahun | E91: btnPilihRightBulanExportData_pakar | G91: ='Data Check Feedback'!$E$1 -> PERIODE AKHIR
C92: wait_for_seconds | G92: 1
C93: go_to_value | G93: ='Data Check Feedback'!$F$1 -> FLOW EXPORT(Pilih/Batal)
C94: anchor_go_to_value | G94: Pilih
C95: hover_to_element | E95: btnPilihPeriodeExport Data_pakar
C96: click | E96: btnPilihPeriodeExport Data_pakar
C97: wait_until_web_element_exist | E97: fieldPilihPeriodeExportData_pakar
C98: click | E98: btnExportPeriode_pakar
C99: go_to_value | G99: #Open file download
C100: anchor_go_to_value | G100: Batal
...

Sheet Akses Feedback Sudah Baik
A1: Testcase | B1: Is_Running | C1: Keyword | D1: Pagename | E1: ObjectName | F1: ObjectType | G1: Value | H1: Application
A2: Login A | B2: Yes | H2: PAKAR
C3: set_specific_wp | G3: Login Super Editor
C4: start_chrome_driver
C5: go_to_url | G5: =Datatable!$R$1 -> URL PAKAR
C6: wait_until_web_element_exist | E6: fieldUserID_pakar
C7: screenshot
C8: set_text | E8: fieldUserID_pakar | G8: =Datatable!$F$1 -> USER ID READER
C9: set_text | E9: fieldUserPassword_pakar | G9: =Datatable!$G$1 -> PASSWORD READER
C10: screenshot
C11: click | E11: btnSubmitLogin_pakar
C12: debug
A13: Akses Artikel Main Search | B13: Yes | H13: PAKAR
C14: for_data_by_sheet | G14: Data Akses Artikel;End Data Akses Artikel
C15: wait_for_seconds | G15: 1
C16: set_text | E16: fieldCariDi_pakar | G16: ='Data Akses Artikel'!$J$1 -> NAMA ARTIKEL (Didalam Folder pisahkan ;)
C17: wait_for_seconds | G17: 1
C18: screenshot
C19: hover_to_element | E19: btnSearch_pakar
C20: click | E20: btnSearch_pakar
C21: wait_until_web_element_exist | E21: txtHasilPencarian_pakar
C22: screenshot
C23: hover_and_click_replace | E23: txtSearchJudul_pakar | G23: ='Data Akses Artikel'!$J$1 -> NAMA ARTIKEL (Didalam Folder pisahkan ;)
C24: wait_until_web_element_exist | E24: cardFeedback_pakar
C25: wait_for_seconds | G25: 1
C26: screenshot
C27: end_data_for_sheet | G27: End Data Akses Artikel
A28: Akses Artikel VP Informasi Terkait | B28: Yes | H28: PAKAR
C29: for_data_by_sheet | G29: Data Akses Artikel;End Data Akses Artikel
C30: set_specific_wp | F30: xpath | G30: Akses Artikel VP Informasi Terkait
C31: wait_for_seconds | G31: 1
C32: scroll_into_element | E32: txtInformasiTerkait_pakar
C33: hover_and_click_replace | E33: txtArtikelInformasiTerkait_pakar | G33: ='Data Akses Artikel'!$H$1 -> INFORMASI_TERKAIT
C34: wait_until_web_element_exist | E34: cardFeedback_pakar
C35: wait_for_seconds | G35: 1
C36: screenshot
C37: end_data_for_sheet | G37: End Data Akses Artikel
A38: Akses Video Artikel | B38: Yes | H38: PAKAR
C39: wait_for_seconds | G39: 1
C40: scroll_to_element | E40: btnSudahBaik_pakar
C41: change_frame | E41: iframe_pakar
C42: hover_to_element | E42: btnPlayVid_pakar
C43: click | E43: btnPlayVid_pakar
C44: screenshot
C45: wait_for_seconds | G45: 10
C46: hover_to_element | E46: btnPauseVid_pakar
C47: click | E47: btnPauseVid_pakar
C48: wait_for_seconds | G48: 1
C49: screenshot
C50: change_frame
A51: Feedback Sudah Baik | B51: Yes | H51: PAKAR
C52: scroll_page_down
C53: hover_to_element | E53: btnSudahBaik_pakar
C54: click | E54: btnSudahBaik_pakar
C55: wait_until_web_element_exist | E55: txtTerimaKasih_pakar
C56: screenshot
A57: Logout | B57: Yes | H57: PAKAR
C58: set_specific_wp | G58: Logout
C59: click | E59: btnTabProfil
C60: screenshot
C61: click | E61: btnSignOut
C62: click_if_exist | E62: btnYa_pakar
C63: wait_for_seconds | G63: 1
C64: screenshot

Sheet Akses Assign PIC Feedback
A1: Testcase | B1: Is_Running | C1: Keyword | D1: Pagename | E1: ObjectName | F1: ObjectType | G1: Value | H1: Application
A2: Login A | B2: Yes | H2: PAKAR
C3: set_specific_wp | G3: Login Super Editor
C4: start_chrome_driver
C5: go_to_url | G5: =Datatable!$R$1 -> URL PAKAR
C6: wait_until_web_element_exist | E6: fieldUserID_pakar
C7: screenshot
C8: set_text | E8: fieldUserID_pakar | G8: =Datatable!$J$1 -> USER ID SUPER EDITOR A
C9: set_text | E9: fieldUserPassword_pakar | G9: =Datatable!$K$1 -> PASSWORD SUPER EDITOR A
C10: screenshot
C11: click | E11: btnSubmitLogin_pakar
C12: debug
A13: Assign PIC Feedback | B13: Yes | H13: PAKAR
C14: for_data_by_sheet | G14: Data Assign PIC;End Data Assign PIC
C15: wait_until_web_element_exist | E15: btnSetting_pakar
C16: hover_to_element | E16: btnSetting_pakar
C17: click | E17: btnSetting_pakar
C18: hover_to_element | E18: btnFeedback_pakar
C19: hover_to_element | E19: btnPICFeedback_pakar
C20: click | E20: btnPICFeedback_pakar
C21: wait_until_web_element_exist | E21: txtPICFeedback_pakar
C22: screenshot
C23: wait_for_seconds | G23: 1
C24: click_replace | E24: btnTabFeedback_pakar | G24: ='Data Assign PIC'!$C$1 -> TAB FILTER
C25: go_to_value | G25: ='Data Assign PIC'!$C$1 -> TAB FILTER
C26: anchor_go_to_value | G26: Semua
C27: set_text | E27: fieldCariDiPICFeedback_pakar | G27: ='Data Assign PIC'!$B$1 -> JUDUL ARTIKEL
C28: click | E28: btnCariDiPICFeedback_pakar
C29: wait_for_seconds | G29: 2
C30: screenshot
C31: hover_to_element_replace | E31: btnPilihPICFeedback_pakar | G31: ='Data Assign PIC'!$B$1 -> JUDUL ARTIKEL
C32: click_replace | E32: btnPilihPICFeedback_pakar | G32: ='Data Assign PIC'!$B$1 -> JUDUL ARTIKEL
C33: screenshot
C34: set_text | E34: fieldCariPICFeedback_pakar | G34: ='Data Assign PIC'!$D$1 -> NAMA PIC
C35: hover_to_element | E35: btnSearchPICFeedback_pakar
C36: click | E36: btnSearchPICFeedback_pakar
C37: screenshot
C38: click | E38: btnPilihanPICFeedback_pakar
C39: wait_until_web_element_exist | E39: btnTambahUbahPICFeedback_pakar
C40: screenshot
C41: go_to_value | G41: ='Data Assign PIC'!$E$1 -> SIMPAN
C42: anchor_go_to_value | G42: Artikel
C43: set_text | E43: fieldCariDiPICFeedback_pakar | G43: ='Data Assign PIC'!$B$1 -> JUDUL ARTIKEL
C44: click | E44: btnCariDiPICFeedback_pakar
C45: wait_for_seconds | G45: 2
C46: screenshot
C47: hover_to_element_replace | E47: btnPilihPICArtikelFeedback_pakar | G47: ='Data Assign PIC'!$B$1 -> JUDUL ARTIKEL
C48: click_replace | E48: btnPilihPICArtikelFeedback_pakar | G48: ='Data Assign PIC'!$B$1 -> JUDUL ARTIKEL
C49: screenshot
C50: set_text | E50: fieldCariPICFeedback_pakar | G50: ='Data Assign PIC'!$D$1 -> NAMA PIC
C51: hover_to_element | E51: btnSearchPICFeedback_pakar
C52: click | E52: btnSearchPICFeedback_pakar
C53: screenshot
C54: click | E54: btnPilihanPICFeedback_pakar
C55: wait_until_web_element_exist | E55: btnTambahUbahPICFeedback_pakar
C56: screenshot
C57: go_to_value | G57: ='Data Assign PIC'!$E$1 -> SIMPAN
C58: anchor_go_to_value | G58: Virtual Page
C59: set_text | E59: fieldCariDiPICFeedback_pakar | G59: ='Data Assign PIC'!$B$1 -> JUDUL ARTIKEL
C60: click | E60: btnCariDiPICFeedback_pakar
C61: wait_for_seconds | G61: 2
C62: screenshot
C63: hover_to_element_replace | E63: btnPilihPICVpFeedback_pakar | G63: ='Data Assign PIC'!$B$1 -> JUDUL ARTIKEL
C64: click_replace | E64: btnPilihPICVpFeedback_pakar | G64: ='Data Assign PIC'!$B$1 -> JUDUL ARTIKEL
C65: screenshot
C66: set_text | E66: fieldCariPICFeedback_pakar | G66: ='Data Assign PIC'!$D$1 -> NAMA PIC
C67: hover_to_element | E67: btnSearchPICFeedback_pakar
C68: click | E68: btnSearchPICFeedback_pakar
C69: screenshot
C70: click | E70: btnPilihanPICFeedback_pakar
C71: wait_until_web_element_exist | E71: btnTambahUbahPICFeedback_pakar
C72: screenshot
C73: go_to_value | G73: ='Data Assign PIC'!$E$1 -> SIMPAN
C74: anchor_go_to_value | G74: Simpan
C75: hover_to_element | E75: btnTambahUbahPICFeedback_pakar
C76: click | E76: btnTambahUbahPICFeedback_pakar
C77: go_to_value | G77: #END
C78: anchor_go_to_value | G78: Batal
C79: hover_to_element | E79: btnModalBatal_pakar
C80: click | E80: btnModalBatal_pakar
C81: anchor_go_to_value | G81: #END
C82: wait_for_seconds | G82: 1
C83: screenshot
C84: end_data_for_sheet | G84: End Data Assign PIC
A85: Logout | B85: Yes | H85: PAKAR
C86: set_specific_wp | G86: Logout
C87: click | E87: btnTabProfil
C88: screenshot
C89: click | E89: btnSignOut
C90: click_if_exist | E90: btnYa_pakar
C91: wait_for_seconds | G91: 1
C92: screenshot

Sheet Akses Abjad Ajukan Glossary Sup
A1: Testcase | B1: Is_Running | C1: Keyword | D1: Pagename | E1: ObjectName | F1: ObjectType | G1: Value | H1: Application
A2: Login A | B2: Yes | H2: PAKAR
C3: set_specific_wp | G3: Login Super Editor
C4: start_chrome_driver
C5: go_to_url | G5: =Datatable!$R$1 -> URL PAKAR
C6: wait_until_web_element_exist | E6: fieldUserID_pakar
C7: screenshot
C8: set_text | E8: fieldUserID_pakar | G8: =Datatable!$J$1 -> USER ID SUPER EDITOR A
C9: set_text | E9: fieldUserPassword_pakar | G9: =Datatable!$K$1 -> PASSWORD SUPER EDITOR A
C10: screenshot
C11: click | E11: btnSubmitLogin_pakar
C12: debug
A13: Akses Glossary Abjad | B13: Yes | H13: PAKAR
C14: for_data_by_sheet | G14: Data Glossary;End Data Glossary
C15: hover_to_element | E15: btnGlossary_pakar
C16: click | E16: btnGlossary_pakar
C17: wait_until_web_element_exist | E17: fieldCariGlossary_pakar
C18: screenshot
C19: hover_and_click_first_letter | E19: txtIndexGlossary_pakar | G19: ='Data Glossary'!$B$1 -> NAMA GLOSSARY
C20: screenshot
C21: is_exist_hover_next_page | E21: txtArtikelGlossary_pakar | G21: ='Data Glossary'!$B$1 -> NAMA GLOSSARY
C22: wait_for_seconds | G22: 1
C23: screenshot
C24: end_data_for_sheet | G24: End Data Glossary
A25: Ajukan Glossary | B25: Yes | H25: PAKAR
C26: hover_to_element | E26: btnGlossary_pakar
C27: click | E27: btnGlossary_pakar
C28: wait_until_web_element_exist | E28: fieldCariGlossary_pakar
C29: screenshot
C30: scroll_into_element | E30: btnAjukanGlossary_pakar
C31: hover_to_element | E31: btnAjukanGlossary_pakar
C32: click | E32: btnAjukanGlossary_pakar
C33: get_windows_pop_up
C34: change_windows_pop_up | G34: LAST
C35: wait_for_seconds | G35: 1
C36: screenshot
C37: change_windows_pop_up | G37: FIRST
C38: screenshot
A39: Logout | B39: Yes | H39: PAKAR
C40: set_specific_wp | G40: Logout
C41: click | E41: btnTabProfil
C42: screenshot
C43: click | E43: btnSignOut
C44: click_if_exist | E44: btnYa_pakar
C45: wait_for_seconds | G45: 1
C46: screenshot

Sheet Akses Abjad Ajukan Glossary Rea
A1: Testcase | B1: Is_Running | C1: Keyword | D1: Pagename | E1: ObjectName | F1: ObjectType | G1: Value | H1: Application
A2: Login A | B2: Yes | H2: PAKAR
C3: set_specific_wp | G3: Login Super Editor
C4: start_chrome_driver
C5: go_to_url | G5: =Datatable!$R$1 -> URL PAKAR
C6: wait_until_web_element_exist | E6: fieldUserID_pakar
C7: screenshot
C8: set_text | E8: fieldUserID_pakar | G8: =Datatable!$F$1 -> USER ID READER
C9: set_text | E9: fieldUserPassword_pakar | G9: =Datatable!$G$1 -> PASSWORD READER
C10: screenshot
C11: click | E11: btnSubmitLogin_pakar
C12: debug
A13: Akses Glossary Abjad | B13: Yes | H13: PAKAR
C14: for_data_by_sheet | G14: Data Glossary;End Data Glossary
C15: hover_to_element | E15: btnGlossary_pakar
C16: click | E16: btnGlossary_pakar
C17: wait_until_web_element_exist | E17: fieldCariGlossary_pakar
C18: screenshot
C19: hover_and_click_first_letter | E19: txtIndexGlossary_pakar | G19: ='Data Glossary'!$B$1 -> NAMA GLOSSARY
C20: screenshot
C21: is_exist_hover_next_page | E21: txtArtikelGlossary_pakar | G21: ='Data Glossary'!$B$1 -> NAMA GLOSSARY
C22: wait_for_seconds | G22: 1
C23: screenshot
C24: end_data_for_sheet | G24: End Data Glossary
A25: Ajukan Glossary | B25: Yes | H25: PAKAR
C26: hover_to_element | E26: btnGlossary_pakar
C27: click | E27: btnGlossary_pakar
C28: wait_until_web_element_exist | E28: fieldCariGlossary_pakar
C29: screenshot
C30: scroll_into_element | E30: btnAjukanGlossary_pakar
C31: hover_to_element | E31: btnAjukanGlossary_pakar
C32: click | E32: btnAjukanGlossary_pakar
C33: get_windows_pop_up
C34: change_windows_pop_up | G34: LAST
C35: wait_for_seconds | G35: 1
C36: screenshot
C37: change_windows_pop_up | G37: FIRST
C38: screenshot
A39: Logout | B39: Yes | H39: PAKAR
C40: set_specific_wp | G40: Logout
C41: click | E41: btnTabProfil
C42: screenshot
C43: click | E43: btnSignOut
C44: click_if_exist | E44: btnYa_pakar
C45: wait_for_seconds | G45: 1
C46: screenshot

Sheet Export to XLS-Data yang Tampil
A1: Testcase | B1: Is_Running | C1: Keyword | D1: Pagename | E1: ObjectName | F1: ObjectType | G1: Value | H1: Application
A2: Login A | B2: Yes | H2: PAKAR
C3: set_specific_wp | G3: Login Super Editor
C4: start_chrome_driver
C5: go_to_url | G5: =Datatable!$R$1 -> URL PAKAR
C6: wait_until_web_element_exist | E6: fieldUserID_pakar
C7: screenshot
C8: set_text | E8: fieldUserID_pakar | G8: =Datatable!$J$1 -> USER ID SUPER EDITOR A
C9: set_text | E9: fieldUserPassword_pakar | G9: =Datatable!$K$1 -> PASSWORD SUPER EDITOR A
C10: screenshot
C11: click | E11: btnSubmitLogin_pakar
C12: debug
A13: Audit Trail Export | B13: Yes | H13: PAKAR
C14: for_data_by_sheet | G14: Data Audit Trail;End Data Audit Trail
C15: wait_until_web_element_exist | E15: btnSetting_pakar
C16: hover_to_element | E16: btnSetting_pakar
C17: click | E17: btnSetting_pakar
C18: hover_to_element | E18: btnAuditTrail_pakar
C19: click | E19: btnAuditTrail_pakar
C20: wait_until_web_element_exist | E20: txtAuditTrail_pakar
C21: hover_to_element | E21: btnExportToXLS_pakar
C22: click | E22: btnExportToXLS_pakar
C23: go_to_value | G23: ='Data Audit Trail'!$B$1 -> EXPORT XLS(Data yang tampil/Periode Tertentu)
C24: anchor_go_to_value | G24: Data yang tampil
C25: hover_to_element_replace | E25: btnPilihExportXLS_pakar | G25: Data yang tampil
C26: click_replace | E26: btnPilihExportXLS_pakar | G26: Data yang tampil
C27: go_to_value | G27: #Open file download
C28: anchor_go_to_value | G28: Periode Tertentu
C29: hover_to_element_replace | E29: btnPilihExportXLS_pakar | G29: Periode Tertentu
C30: click_replace | E30: btnPilihExportXLS_pakar | G30: Periode Tertentu
C31: hover_to_element | E31: fieldPilihPeriodeExportXLS_pakar
C32: click | E32: fieldPilihPeriodeExportXLS_pakar
C33: is_exist_click_periode_tahun | E33: btnPilihPrevBulanExportXLS_pakar | G33: ='Data Audit Trail'!$C$1 -> PERIODE AWAL
C34: wait_for_seconds | G34: 1
C35: is_exist_click_periode_tahun | E35: btnPilihNextBulanExportXLS_pakar | G35: ='Data Audit Trail'!$D$1 -> PERIODE AKHR
C36: wait_for_seconds | G36: 1
C37: go_to_value | G37: ='Data Audit Trail'!$E$1 -> FLOW(Pilih/Batal)
C38: anchor_go_to_value | G38: Pilih
C39: hover_to_element | E39: btnPilihPeriode_pakar
C40: click | E40: btnPilihPeriode_pakar
C41: wait_until_web_element_exist | E41: fieldPilihPeriodeExportXLS_pakar
C42: click | E42: btnExportPeriode_pakar
C43: go_to_value | G43: #Open file download
C44: anchor_go_to_value | G44: Batal
C45: hover_to_element | E45: btnBatalPeriode_pakar
C46: click | E46: btnBatalPeriode_pakar
C47: wait_until_web_element_exist | E47: fieldPilihPeriodeExportXLS_pakar
C48: click | E48: btnCloseModal_pakar
C49: go_to_value | G49: #END
C50: anchor_go_to_value | G50: #Open file download
C51: wait_for_seconds | G51: 5
C52: open_file_download
C53: anchor_go_to_value | G53: #END
C54: wait_until_web_element_exist | E54: txtAuditTrail_pakar
C55: screenshot
C56: end_data_for_sheet | G56: End Data Audit Trail
A57: Logout | B57: Yes | H57: PAKAR
C58: set_specific_wp | G58: Logout
C59: click | E59: btnTabProfil
C60: screenshot
C61: click | E61: btnSignOut
C62: click_if_exist | E62: btnYa_pakar
C63: wait_for_seconds | G63: 1
C64: screenshot

Sheet Export File Artikel
A1: Testcase | B1: Is_Running | C1: Keyword | D1: Pagename | E1: ObjectName | F1: ObjectType | G1: Value | H1: Application
A2: Login A | B2: Yes | H2: PAKAR
C3: set_specific_wp | G3: Login Super Editor
C4: start_chrome_driver
C5: go_to_url | G5: =Datatable!$R$1 -> URL PAKAR
C6: wait_until_web_element_exist | E6: fieldUserID_pakar
C7: screenshot
C8: set_text | E8: fieldUserID_pakar | G8: =Datatable!$J$1 -> USER ID SUPER EDITOR A
C9: set_text | E9: fieldUserPassword_pakar | G9: =Datatable!$K$1 -> PASSWORD SUPER EDITOR A
C10: screenshot
C11: click | E11: btnSubmitLogin_pakar
C12: debug
A13: Akses Artikel Burger Menu | B13: Yes | H13: PAKAR
C14: if_exist_go_to_value | E14: btnPelajariNanti_pakar | G14: PELAJARI NANTI
C15: anchor_go_to_value | G15: PELAJARI NANTI
C16: wait_until_web_element_exist | E16: btnPelajariNanti_pakar
C17: screenshot
C18: click | E18: btnPelajariNanti_pakar
C19: anchor_go_to_value | G19: END_IF_EXIST
C20: for_data_by_sheet | G20: Data Akses Artikel;End Data Akses Artikel
C21: wait_for_seconds | G21: 1
C22: click | E22: btnBurgerMenu_pakar
C23: screenshot
C24: if_null_go_to_value | G24: ='Data Akses Artikel'!$B$1 -> KATEGORI
C25: anchor_go_to_value | G25: #Not_Null
C26: hover_and_click_replace | E26: linkLihatSemua_pakar | G26: ='Data Akses Artikel'!$B$1 -> KATEGORI
C27: wait_for_seconds | G27: 1
C28: screenshot
C29: anchor_go_to_value | G29: #Null
C30: hover_and_click_replace | E30: btnSubKategori_pakar | G30: ='Data Akses Artikel'!$C$1 -> SUBKATEGORI
C31: wait_until_web_element_exist | E31: txtArtikel_pakar
C32: screenshot
C33: for_data_by_value | G33: ='Data Akses Artikel'!$J$1 -> NAMA ARTIKEL (Didalam Folder pisahkan ;)
C34: hover_click_replace_by_value_index | E34: btn_BukaArtikel_pakar | G34: ='Data Akses Artikel'!$J$1 -> NAMA ARTIKEL (Didalam Folder pisahkan ;)
C35: wait_for_seconds | G35: 5
C36: screenshot
C37: end_data_for_value
C38: wait_until_web_element_exist | E38: cardFeedback_pakar
C39: wait_for_seconds | G39: 1
C40: screenshot
C41: end_data_for_sheet | G41: End Data Akses Artikel
A42: Export File | B42: Yes | H42: PAKAR
C43: for_data_by_sheet | G43: Data Export File;End Data Export File
C44: go_to_value | G44: ='Data Export File'!$B$1 -> EXPORT FILE(Semua/Sebagian)
C45: anchor_go_to_value | G45: Semua
C46: wait_for_seconds | G46: 1
C47: screenshot
C48: hover_to_element | E48: btnExport_pakar
C49: click | E49: btnExport_pakar
C50: wait_until_web_element_exist | E50: txtExportToPDF_pakar
C51: screenshot
C52: debug
C53: click | E53: inputAllTopik_pakar
C54: screenshot
C55: click | E55: btnExportFile_pakar
C56: go_to_value | G56: #END
C57: anchor_go_to_value | G57: Sebagian
C58: click | E58: spanLevel1_pakar
C59: click_accordion | E59: spanIndex_pakar
C60: scroll_into_element | E60: txtDeskripsiSingkat_pakar
C61: click_replace_checkbox | E61: inputTopik_pakar | G61: ='Data Export File'!$C$1 -> INPUT DATA
C62: wait_for_seconds | G62: 1
C63: click | E63: btnExportFile_pakar
C64: debug
C65: end_data_for_sheet | G65: End Data Export File
C66: for_data_by_sheet | G66: Data Akses Artikel;End Data Akses Artikel
C67: anchor_go_to_value | G67: #END
C68: screenshot
C69: wait_until_web_element_exist | E69: alert_pakar
C70: get_time_element | E70: alert_pakar | G70: ='Data Akses Artikel'!$J$1 -> NAMA ARTIKEL (Didalam Folder pisahkan ;)
C71: open_download
C72: wait_until_web_element_exist | E72: cardFeedback_pakar
C73: wait_for_seconds | G73: 1
C74: screenshot
C75: write_report_duration | G75: Report Get Load Pop Up
C76: end_data_for_sheet | G76: End Data Akses Artikel
A77: Logout | B77: Yes | H77: PAKAR
C78: set_specific_wp | G78: Logout
C79: click | E79: btnTabProfil
C80: screenshot
C81: click | E81: btnSignOut
C82: click_if_exist | E82: btnYa_pakar
C83: wait_for_seconds | G83: 1
C84: screenshot

Sheet Akses Pengecekan Tombol
A1: Testcase | B1: Is_Running | C1: Keyword | D1: Pagename | E1: ObjectName | F1: ObjectType | G1: Value | H1: Application
A2: Login A | B2: Yes | H2: PAKAR
C3: set_specific_wp | G3: Login Super Editor
C4: start_chrome_driver
C5: go_to_url | G5: =Datatable!$R$1 -> URL PAKAR
C6: wait_until_web_element_exist | E6: fieldUserID_pakar
C7: screenshot
C8: set_text | E8: fieldUserID_pakar | G8: =Datatable!$J$1 -> USER ID SUPER EDITOR A
C9: set_text | E9: fieldUserPassword_pakar | G9: =Datatable!$K$1 -> PASSWORD SUPER EDITOR A
C10: screenshot
C11: click | E11: btnSubmitLogin_pakar
C12: debug
A13: Akses Artikel Burger Menu | B13: Yes | H13: PAKAR
C14: if_exist_go_to_value | E14: btnPelajariNanti_pakar | G14: PELAJARI NANTI
C15: anchor_go_to_value | G15: PELAJARI NANTI
C16: wait_until_web_element_exist | E16: btnPelajariNanti_pakar
C17: screenshot
C18: click | E18: btnPelajariNanti_pakar
C19: anchor_go_to_value | G19: END_IF_EXIST
C20: for_data_by_sheet | G20: Data Akses Artikel;End Data Akses Artikel
C21: wait_for_seconds | G21: 1
C22: click | E22: btnBurgerMenu_pakar
C23: screenshot
C24: if_null_go_to_value | G24: ='Data Akses Artikel'!$B$1 -> KATEGORI
C25: anchor_go_to_value | G25: #Not_Null
C26: hover_and_click_replace | E26: linkLihatSemua_pakar | G26: ='Data Akses Artikel'!$B$1 -> KATEGORI
C27: wait_for_seconds | G27: 1
C28: screenshot
C29: anchor_go_to_value | G29: #Null
C30: hover_and_click_replace | E30: btnSubKategori_pakar | G30: ='Data Akses Artikel'!$C$1 -> SUBKATEGORI
C31: wait_until_web_element_exist | E31: txtArtikel_pakar
C32: screenshot
C33: for_data_by_value | G33: ='Data Akses Artikel'!$J$1 -> NAMA ARTIKEL (Didalam Folder pisahkan ;)
C34: hover_click_replace_by_value_index | E34: btn_BukaArtikel_pakar | G34: ='Data Akses Artikel'!$J$1 -> NAMA ARTIKEL (Didalam Folder pisahkan ;)
C35: wait_for_seconds | G35: 5
C36: screenshot
C37: end_data_for_value
C38: wait_until_web_element_exist | E38: cardFeedback_pakar
C39: wait_for_seconds | G39: 1
C40: screenshot
C41: end_data_for_sheet | G41: End Data Akses Artikel
A42: Pengecekan Tombol | B42: Yes | H42: PAKAR
C43: wait_for_seconds | G43: 1
C44: hover_to_element | E44: btnExport_pakar
C45: click | E45: btnExport_pakar
C46: wait_until_web_element_exist | E46: txtExportToPDF_pakar
C47: screenshot
C48: click | E48: btnBatalFinal_pakar
C49: screenshot
C50: wait_for_seconds | G50: 1
C51: click | E51: btnExport_pakar
C52: wait_until_web_element_exist | E52: txtExportToPDF_pakar
C53: screenshot
C54: click | E54: btnCloseModal_pakar
C55: screenshot
C56: click | E56: btnExport_pakar
C57: wait_until_web_element_exist | E57: txtExportToPDF_pakar
C58: screenshot
C59: click | E59: inputAllTopik_pakar
C60: screenshot
C61: click | E61: btnBatalFinal_pakar
C62: wait_for_seconds | G62: 1
C63: screenshot
C64: click | E64: btnExport_pakar
C65: wait_until_web_element_exist | E65: txtExportToPDF_pakar
C66: screenshot
C67: click | E67: inputAllTopik_pakar
C68: screenshot
C69: click | E69: btnCloseModal_pakar
C70: wait_for_seconds | G70: 1
C71: screenshot
C72: hover_to_element | E72: btnBukaTopik_pakar
C73: click | E73: btnBukaTopik_pakar
C74: screenshot
C75: hover_to_element | E75: btnTutupTopik_pakar
C76: click | E76: btnTutupTopik_pakar
C77: screenshot
C78: hover_to_element | E78: btnTambahBookmark_pakar
C79: click | E79: btnTambahBookmark_pakar
C80: screenshot
C81: hover_to_element | E81: btnHapusBookmark_pakar
C82: click | E82: btnHapusBookmark_pakar
C83: screenshot
C84: hover_to_element | E84: btnCopyLink_pakar
C85: click | E85: btnCopyLink_pakar
C86: screenshot
C87: wait_until_web_element_exist | E87: cardFeedback_pakar
C88: wait_for_seconds | G88: 1
C89: screenshot
A90: Logout | B90: Yes | H90: PAKAR
C91: set_specific_wp | G91: Logout
C92: click | E92: btnTabProfil
C93: screenshot
C94: click | E94: btnSignOut
C95: click_if_exist | E95: btnYa_pakar
C96: wait_for_seconds | G96: 1
C97: screenshot

Sheet Simpan dan Kirim Riwayat Versi
A1: Testcase | B1: Is_Running | C1: Keyword | D1: Pagename | E1: ObjectName | F1: ObjectType | G1: Value | H1: Application
A2: Login A | B2: Yes | H2: PAKAR
C3: set_specific_wp | G3: Login Super Editor
C4: start_chrome_driver
C5: go_to_url | G5: =Datatable!$R$1 -> URL PAKAR
C6: wait_until_web_element_exist | E6: fieldUserID_pakar
C7: screenshot
C8: set_text | E8: fieldUserID_pakar | G8: =Datatable!$J$1 -> USER ID SUPER EDITOR A
C9: set_text | E9: fieldUserPassword_pakar | G9: =Datatable!$K$1 -> PASSWORD SUPER EDITOR A
C10: screenshot
C11: click | E11: btnSubmitLogin_pakar
C12: debug
A13: Akses Artikel Burger Menu | B13: Yes | H13: PAKAR
C14: if_exist_go_to_value | E14: btnPelajariNanti_pakar | G14: PELAJARI NANTI
C15: anchor_go_to_value | G15: PELAJARI NANTI
C16: wait_until_web_element_exist | E16: btnPelajariNanti_pakar
C17: screenshot
C18: click | E18: btnPelajariNanti_pakar
C19: anchor_go_to_value | G19: END_IF_EXIST
C20: for_data_by_sheet | G20: Data Akses Artikel;End Data Akses Artikel
C21: wait_for_seconds | G21: 1
C22: click | E22: btnBurgerMenu_pakar
C23: screenshot
C24: if_null_go_to_value | G24: ='Data Akses Artikel'!$B$1 -> KATEGORI
C25: anchor_go_to_value | G25: #Not_Null
C26: hover_and_click_replace | E26: linkLihatSemua_pakar | G26: ='Data Akses Artikel'!$B$1 -> KATEGORI
C27: wait_for_seconds | G27: 1
C28: screenshot
C29: anchor_go_to_value | G29: #Null
C30: hover_and_click_replace | E30: btnSubKategori_pakar | G30: ='Data Akses Artikel'!$C$1 -> SUBKATEGORI
C31: wait_until_web_element_exist | E31: txtArtikel_pakar
C32: screenshot
C33: for_data_by_value | G33: ='Data Akses Artikel'!$J$1 -> NAMA ARTIKEL (Didalam Folder pisahkan ;)
C34: hover_click_replace_by_value_index | E34: btn_BukaArtikel_pakar | G34: ='Data Akses Artikel'!$J$1 -> NAMA ARTIKEL (Didalam Folder pisahkan ;)
C35: wait_for_seconds | G35: 5
C36: screenshot
C37: end_data_for_value
C38: wait_until_web_element_exist | E38: cardFeedback_pakar
C39: wait_for_seconds | G39: 1
C40: screenshot
C41: end_data_for_sheet | G41: End Data Akses Artikel
A42: Akses Riwayat Versi | B42: Yes | H42: PAKAR
C43: for_data_by_sheet | G43: Data Riwayat Versi;End Data Riwayat Versi
C44: hover_to_element | E44: txtDateTerakhirDiubah_pakar
C45: click | E45: txtDateTerakhirDiubah_pakar
C46: wait_until_web_element_exist | E46: btnWaitRiwayatVersi_pakar
C47: hover_to_element_replace | E47: btnIconVersi_pakar | G47: ='Data Riwayat Versi'!$B$1 -> VERSI
C48: click_replace | E48: btnIconVersi_pakar | G48: ='Data Riwayat Versi'!$B$1 -> VERSI
C49: if_null_go_to_value | G49: ='Data Riwayat Versi'!$C$1 -> TANGGAL
C50: anchor_go_to_value | G50: #Not_Null
C51: hover_click_replace_double | E51: txtTanggalVersi_pakar | G51: ='Data Riwayat Versi'!$C$1 -> TANGGAL
C52: get_windows_pop_up
C53: change_windows_pop_up | G53: LAST
C54: wait_for_seconds | G54: 1
C55: if_exist_go_to_value | E55: fieldUserID_pakar | G55: Version History
C56: anchor_go_to_value | G56: Version History
C57: go_to_action | G57: =Datatable!#REF! -> #REF!
C58: anchor_go_to_value | G58: END_IF_EXIST
C59: wait_until_web_element_exist | E59: btnBukaTopik_pakar
C60: click | E60: btnBukaTopik_pakar
C61: screenshot_full_part_replace | E61: txtTopikAccordionArtikel_pakar | G61: ='Data Riwayat Versi'!$D$1 -> TOPIK ARTIKEL
C62: go_to_value | G62: ='Data Riwayat Versi'!$E$1 -> Kembali ke Versi Terakhir
C63: anchor_go_to_value | G63: Yes
C64: hover_to_element | E64: btnKembaliVersiTerakhir_pakar
C65: click | E65: btnKembaliVersiTerakhir_pakar
C66: anchor_go_to_value | G66: No
C67: wait_for_seconds | G67: 1
C68: screenshot
C69: go_to_value | G69: #END
C70: end_data_for_sheet | G70: End Data Riwayat Versi
C71: for_data_by_sheet | G71: Data Akses Edit Artikel;End Data Akses Edit Artikel
C72: hover_to_element_replace | E72: btnPensilAllHalArtikel_pakar | G72: ='Data Akses Edit Artikel'!$B$1 -> NAMA ARTIKEL (Didalam Folder pisahkan ;)
C73: click_replace | E73: btnPensilAllHalArtikel_pakar | G73: ='Data Akses Edit Artikel'!$B$1 -> NAMA ARTIKEL (Didalam Folder pisahkan ;)
C74: click_if_exist | E74: btnModalUbah_pakar
C75: wait_until_web_element_exist | E75: btnSimpanDanKirimTopBar_pakar
C76: wait_for_seconds | G76: 1
